Ord_id,Prod_id,Ship_id,Cust_id,Sales,Discount,Order_Quantity,Profit,Shipping_Cost,Product_Base_Margin
Ord_5446,Prod_16,SHP_7609,Cust_1818,136.81,0.01,23,-30.51,3.6,0.56
Ord_5406,Prod_13,SHP_7549,Cust_1818,42.27,0.01,13,4.56,0.93,0.54
Ord_5446,Prod_4,SHP_7610,Cust_1818,4701.69,0,26,1148.9,2.5,0.59
Ord_5456,Prod_6,SHP_7625,Cust_1818,2337.89,0.09,43,729.34,14.3,0.37
Ord_5485,Prod_17,SHP_7664,Cust_1818,4233.15,0.08,35,1219.87,26.3,0.38
Ord_5446,Prod_6,SHP_7608,Cust_1818,164.02,0.03,23,-47.64,6.15,0.37
Ord_31,Prod_12,SHP_41,Cust_26,14.76,0.01,5,1.32,0.5,0.36
Ord_4725,Prod_4,SHP_6593,Cust_1641,3410.1575,0.1,48,1137.91,0.99,0.55
Ord_4725,Prod_13,SHP_6593,Cust_1641,162,0.01,33,45.84,0.71,0.52
Ord_4725,Prod_6,SHP_6593,Cust_1641,57.22,0.07,8,-27.72,6.6,0.37
Ord_4743,Prod_2,SHP_6615,Cust_1641,4072.01,0.01,43,1675.98,0.99,0.56
Ord_1925,Prod_6,SHP_2637,Cust_708,465.9,0.05,38,79.34,4.86,0.38
Ord_2978,Prod_16,SHP_4112,Cust_1088,305.05,0.04,27,23.12,3.37,0.57
Ord_2207,Prod_11,SHP_3093,Cust_839,3364.248,0.1,15,-693.23,61.76,0.78
Ord_2207,Prod_10,SHP_3006,Cust_839,1410.93,0.08,10,-317.48,36.09,0.77
Ord_2280,Prod_5,SHP_3114,Cust_839,460.69,0.06,48,-103.48,7.29,0.45
Ord_2282,Prod_9,SHP_3122,Cust_839,443.46,0.06,30,193.12,1.39,0.38
Ord_4471,Prod_15,SHP_6228,Cust_1521,13255.93,0.02,25,4089.27,26,0.6
Ord_4427,Prod_6,SHP_6171,Cust_1521,283.13,0.08,45,-141.26,6.81,0.36
Ord_996,Prod_13,SHP_1378,Cust_371,41.97,0.05,12,-37.03,4.2,0.56
Ord_996,Prod_13,SHP_1378,Cust_371,57.17,0.08,18,-24.03,2.31,0.56
Ord_996,Prod_6,SHP_1378,Cust_371,81.25,0.01,11,-44.54,7.86,0.37
Ord_996,Prod_5,SHP_1377,Cust_371,3202.25,0.09,44,991.26,19.99,0.43
Ord_996,Prod_7,SHP_1378,Cust_371,35.64,0.05,10,-0.71,1.63,0.36
Ord_2573,Prod_3,SHP_3525,Cust_931,197.61,0.08,13,3.46,7.27,0.38
Ord_2335,Prod_13,SHP_3204,Cust_931,38.26,0.03,22,-2.34,0.7,0.56
Ord_2456,Prod_5,SHP_3367,Cust_931,109.58,0,13,31.32,4,0.42
Ord_2405,Prod_9,SHP_3300,Cust_931,1062.69,0.01,28,401.8,6.66,0.4
Ord_2573,Prod_4,SHP_3527,Cust_931,3594.7435,0.05,38,1016.97,2.5,0.55
Ord_2478,Prod_12,SHP_3395,Cust_931,139.98,0.07,33,-140.54,6.89,0.39
Ord_2334,Prod_9,SHP_3203,Cust_931,129.1,0,27,-59.82,4.99,0.38
Ord_2573,Prod_7,SHP_3526,Cust_931,68.92,0.04,22,2.63,1.58,0.39
Ord_2343,Prod_6,SHP_3215,Cust_931,76.16,0.04,12,-24.03,5.2,0.36
Ord_5046,Prod_17,SHP_7042,Cust_1710,630.99,0.07,49,-114.64,9.44,0.39
Ord_5040,Prod_3,SHP_7033,Cust_1710,193.84,0.07,23,-117.1,8.94,0.4
Ord_5033,Prod_2,SHP_7022,Cust_1710,139,0.05,16,-96.33,9.23,0.58
Ord_5029,Prod_13,SHP_7016,Cust_1710,54.79,0.05,9,-6.82,2.27,0.56
Ord_5040,Prod_2,SHP_7032,Cust_1710,1637.78,0.08,38,461.65,4.62,0.56
Ord_5035,Prod_12,SHP_7025,Cust_1710,416.8,0.01,32,223.38,0.5,0.38
Ord_5045,Prod_5,SHP_7040,Cust_1710,1286.87,0.05,48,384.38,6.93,0.49
Ord_5035,Prod_15,SHP_7024,Cust_1710,4917.69,0.02,42,126.31,30,0.71
Ord_5046,Prod_7,SHP_7041,Cust_1710,202.11,0.08,40,-17.49,3.39,0.37
Ord_1184,Prod_11,SHP_1635,Cust_452,73.44,0,3,-53.78,27.75,0.76
Ord_1189,Prod_6,SHP_1641,Cust_452,49.61,0,1,-41.82,17.08,0.4
Ord_1184,Prod_1,SHP_1634,Cust_452,1974.66,0.06,32,-929.68,35,0.8
Ord_4768,Prod_12,SHP_6650,Cust_1579,3.85,0.08,1,-1.36,0.99,0.37
Ord_4690,Prod_2,SHP_6545,Cust_1579,904.12,0.07,4,28.81,11.79,0.42
Ord_4659,Prod_6,SHP_6493,Cust_1579,1451.59,0.06,26,435.11,14.3,0.37
Ord_4622,Prod_12,SHP_6437,Cust_1579,56.26,0,14,28.11,0.5,0.38
Ord_4657,Prod_5,SHP_6490,Cust_1579,336.86,0.06,23,36.32,5.3,0.46
Ord_4682,Prod_5,SHP_6531,Cust_1579,63.91,0.04,14,-44.47,6.6,0.49
Ord_4768,Prod_4,SHP_6651,Cust_1579,547.0005,0.08,10,-97.2,3.9,0.55
Ord_4755,Prod_13,SHP_6628,Cust_1579,3.41,0.06,1,-1.78,0.7,0.56
Ord_4659,Prod_6,SHP_6492,Cust_1579,391.9,0.1,11,-47.01,19.99,0.38
Ord_4682,Prod_4,SHP_6531,Cust_1579,1909.0065,0.01,32,344.13,8.99,0.59
Ord_4657,Prod_5,SHP_6489,Cust_1579,418.03,0,47,-158.58,7.96,0.49
Ord_4410,Prod_5,SHP_6146,Cust_1474,605.77,0.05,42,129.33,5,0.49
Ord_4546,Prod_1,SHP_6327,Cust_1474,5208.78,0.05,34,1547.78,7.07,0.59
Ord_4499,Prod_6,SHP_6264,Cust_1474,67.49,0.06,1,-22.82,14.3,0.37
Ord_4552,Prod_4,SHP_6335,Cust_1474,284.4525,0.06,5,-254.78,8.99,0.58
Ord_4552,Prod_12,SHP_6335,Cust_1474,104.7,0.09,29,42.16,0.5,0.38
Ord_4497,Prod_13,SHP_6261,Cust_1474,211.97,0.06,10,-46.83,8.99,0.59
Ord_4410,Prod_6,SHP_6146,Cust_1474,1480.91,0,44,489.14,8.74,0.4
Ord_4499,Prod_13,SHP_6265,Cust_1474,6.76,0.02,3,-4.28,1.57,0.59
Ord_4475,Prod_4,SHP_6234,Cust_1474,7640.225,0.07,46,2027.68,2.5,0.59
Ord_4547,Prod_6,SHP_6328,Cust_1474,23.44,0.05,3,-10.58,5.2,0.36
Ord_4360,Prod_11,SHP_6079,Cust_1474,1736.41,0.1,12,-762.44,80.2,0.71
Ord_4541,Prod_2,SHP_6322,Cust_1474,336.65,0.07,30,-71.05,6.96,0.5
Ord_4348,Prod_6,SHP_6063,Cust_1474,330.21,0.07,14,83.24,5.47,0.39
Ord_4547,Prod_8,SHP_6328,Cust_1474,28.46,0.02,4,-27.13,3.85,0.68
Ord_4607,Prod_2,SHP_6408,Cust_1474,1463.42,0.08,26,350.82,3.99,0.57
Ord_4546,Prod_2,SHP_6327,Cust_1474,498.68,0.06,20,79.52,5.37,0.5
Ord_5233,Prod_3,SHP_7310,Cust_1749,92.24,0.05,19,-60.58,5.24,0.39
Ord_5147,Prod_6,SHP_7193,Cust_1749,199.11,0.01,30,-83.33,6.65,0.36
Ord_5215,Prod_17,SHP_7287,Cust_1749,140.59,0.01,7,-35.88,8.51,0.4
Ord_5216,Prod_13,SHP_7289,Cust_1749,141.59,0.04,48,20.26,0.7,0.58
Ord_5226,Prod_6,SHP_7300,Cust_1749,93.26,0.05,18,-35.36,4.7,0.38
Ord_5213,Prod_13,SHP_7284,Cust_1749,1633.37,0.08,50,144.69,7.73,0.59
Ord_5226,Prod_15,SHP_7299,Cust_1749,1210.72,0.05,17,-382.43,30,0.78
Ord_5188,Prod_14,SHP_7252,Cust_1749,5177.4,0.06,12,287.5,49,0.38
Ord_5174,Prod_6,SHP_7231,Cust_1749,292.75,0.08,33,93.33,2.01,0.39
Ord_5205,Prod_4,SHP_7274,Cust_1749,2546.5235,0.09,26,210,7.69,0.59
Ord_5156,Prod_4,SHP_7207,Cust_1749,8374.132,0.06,48,2568.1,8.99,0.56
Ord_5216,Prod_3,SHP_7288,Cust_1749,157.99,0.03,35,-105.55,5.41,0.35
Ord_5232,Prod_17,SHP_7306,Cust_1758,21366.51,0,3,-11984.4,24.49,0.39
Ord_5232,Prod_6,SHP_7308,Cust_1758,88.57,0.03,12,-28.25,6.15,0.37
Ord_5232,Prod_6,SHP_7309,Cust_1758,73.97,0.1,13,-38.35,5.67,0.36
Ord_5232,Prod_6,SHP_7307,Cust_1758,320.04,0.02,34,32.47,4.39,0.38
Ord_5172,Prod_4,SHP_7229,Cust_1758,1239.4445,0.07,22,165.5,3.99,0.59
Ord_5355,Prod_1,SHP_7481,Cust_1802,123.85,0.09,16,-71.44,6.5,0.59
Ord_127,Prod_13,SHP_172,Cust_86,54.78,0.02,32,-30.54,1.57,0.59
Ord_127,Prod_13,SHP_173,Cust_86,304.83,0.1,47,23.82,2.35,0.47
Ord_45,Prod_13,SHP_59,Cust_36,312.36,0.07,11,-19.33,8.99,0.57
Ord_5484,Prod_16,SHP_7663,Cust_1820,322.82,0.05,35,-17.58,3.98,0.56
Ord_5430,Prod_4,SHP_7588,Cust_1820,337.2035,0.09,9,-120.93,4.99,0.56
Ord_5462,Prod_4,SHP_7632,Cust_1820,175.8565,0.03,10,-93.26,1.25,0.83
Ord_5489,Prod_17,SHP_7671,Cust_1820,754.92,0,7,-129.57,19.99,0.52
Ord_5462,Prod_5,SHP_7631,Cust_1820,323.96,0.07,40,-136.82,7.96,0.49
Ord_5481,Prod_15,SHP_7659,Cust_1820,2700.78,0.06,29,-793.36,58.2,0.58
Ord_1638,Prod_5,SHP_5892,Cust_1433,755.19,0,41,81.44,8.99,0.47
Ord_1638,Prod_8,SHP_5892,Cust_1433,220.79,0,7,-91.51,4,0.74
Ord_1638,Prod_7,SHP_2261,Cust_565,201.14,0.08,37,-51.25,3.37,0.54
Ord_1557,Prod_2,SHP_2152,Cust_565,1736.53,0.1,46,457.03,3.99,0.56
Ord_209,Prod_13,SHP_285,Cust_45,30.51,0.09,11,-17.68,2.4,0.58
Ord_246,Prod_8,SHP_341,Cust_45,862.2,0.1,29,-45.1,4,0.75
Ord_122,Prod_17,SHP_165,Cust_45,42.31,0.06,2,-53.08,8.51,0.4
Ord_121,Prod_8,SHP_164,Cust_45,1143.45,0.06,31,304.42,1.99,0.51
Ord_122,Prod_3,SHP_166,Cust_45,152.67,0.04,11,12.76,4.98,0.4
Ord_139,Prod_17,SHP_186,Cust_45,2671.21,0.06,14,636.18,15.59,0.36
Ord_239,Prod_4,SHP_332,Cust_45,2157.3085,0,38,519.25,5.31,0.57
Ord_250,Prod_2,SHP_345,Cust_45,324.55,0.08,5,-12.82,0.99,0.58
Ord_209,Prod_1,SHP_286,Cust_45,127.8,0.07,8,-30.48,7.51,0.57
Ord_135,Prod_9,SHP_182,Cust_45,30.83,0.04,2,7.27,1.39,0.36
Ord_60,Prod_12,SHP_81,Cust_45,176.26,0.07,44,75.13,0.5,0.39
Ord_23,Prod_12,SHP_31,Cust_18,282.07,0.03,39,140.01,0.49,0.38
Ord_23,Prod_4,SHP_31,Cust_18,426.037,0.01,24,-78.96,2.5,0.81
Ord_5374,Prod_8,SHP_7504,Cust_1800,1222.59,0.02,29,501.99,1.99,0.42
Ord_5351,Prod_4,SHP_7474,Cust_1800,1463.0965,0,14,162.67,2.5,0.57
Ord_5417,Prod_12,SHP_7565,Cust_1800,128.13,0.09,42,32.53,0.99,0.37
Ord_5354,Prod_5,SHP_7480,Cust_1800,152.44,0.08,20,-16.64,3.68,0.52
Ord_5423,Prod_17,SHP_7577,Cust_1800,13070.2,0.07,4,-6923.6,8.73,0.57
Ord_5351,Prod_6,SHP_7475,Cust_1800,246.3,0.02,38,-67.49,5.79,0.36
Ord_2340,Prod_5,SHP_3210,Cust_933,136.61,0.01,8,80.43,3.73,0.46
Ord_2432,Prod_4,SHP_3339,Cust_933,3883.4715,0.1,42,707.17,8.99,0.58
Ord_2480,Prod_3,SHP_3397,Cust_933,169.61,0.1,29,-211.06,9.92,0.38
Ord_2394,Prod_13,SHP_3284,Cust_933,64.36,0.06,37,-1.53,0.7,0.56
Ord_2372,Prod_10,SHP_3256,Cust_933,1764.97,0.07,13,-383.5,54.74,0.69
Ord_2566,Prod_13,SHP_3515,Cust_933,422.25,0.06,35,-116.02,7.95,0.58
Ord_2340,Prod_11,SHP_3211,Cust_933,2907.63,0.04,42,54.6,69,0.68
Ord_2480,Prod_4,SHP_3397,Cust_933,1247.9275,0.1,24,186.42,2.5,0.55
Ord_2394,Prod_3,SHP_3284,Cust_933,161.8,0.06,44,21.34,1.49,0.38
Ord_2511,Prod_13,SHP_3440,Cust_933,250.13,0.01,40,61.97,1.2,0.55
Ord_2432,Prod_3,SHP_3338,Cust_933,15337.58,0.1,30,6670.41,19.99,0.37
Ord_2372,Prod_6,SHP_3257,Cust_933,238.34,0.04,50,-7.36,3.01,0.36
Ord_2371,Prod_11,SHP_3255,Cust_950,1476.12,0.03,31,-1401.17,46.59,0.67
Ord_4153,Prod_4,SHP_5788,Cust_1422,2079.474,0.05,45,-81.57,5,0.8
Ord_4155,Prod_12,SHP_5790,Cust_1423,12.01,0,3,-1.08,0.5,0.38
Ord_4155,Prod_4,SHP_5791,Cust_1423,2211.734,0.02,15,80.76,4.99,0.59
Ord_4155,Prod_5,SHP_5790,Cust_1423,1846.76,0.03,20,3.14,39.61,0.67
Ord_1673,Prod_5,SHP_2313,Cust_498,23.93,0.1,3,-6.39,0.96,0.43
Ord_1673,Prod_17,SHP_2314,Cust_498,2027.55,0.04,14,537.4,13.99,0.37
Ord_1442,Prod_7,SHP_1993,Cust_498,258.13,0.03,41,84.1,1.82,0.35
Ord_1637,Prod_2,SHP_2260,Cust_498,693.02,0.07,10,97.36,3.5,0.59
Ord_1375,Prod_15,SHP_1894,Cust_498,2703.37,0.09,18,-231.6,57.2,0.59
Ord_1317,Prod_2,SHP_1813,Cust_498,186.44,0,45,-157.18,5.13,0.59
Ord_1649,Prod_4,SHP_2278,Cust_498,2209.5155,0.06,41,458.62,5.31,0.57
Ord_1375,Prod_1,SHP_1895,Cust_498,1538.17,0.02,39,-1119.64,35,0.8
Ord_1649,Prod_2,SHP_2277,Cust_498,3005.74,0.02,48,1053.21,3.99,0.57
Ord_1407,Prod_15,SHP_1940,Cust_498,489.07,0.08,5,-197.88,42,0.66
Ord_1635,Prod_1,SHP_2256,Cust_498,857.84,0.02,39,-309.43,11.52,0.83
Ord_1520,Prod_6,SHP_2099,Cust_498,30.47,0.02,4,-10.7,5.15,0.36
Ord_1635,Prod_6,SHP_2256,Cust_498,1072.36,0.04,36,440.48,4.86,0.38
Ord_1503,Prod_8,SHP_2078,Cust_498,731.71,0,24,175.82,1.99,0.5
Ord_1637,Prod_13,SHP_2259,Cust_498,64.34,0.09,11,-8.37,2.27,0.56
Ord_1503,Prod_8,SHP_2077,Cust_498,378.08,0,17,70.48,1.99,0.43
Ord_1395,Prod_13,SHP_1926,Cust_515,138.96,0.03,49,19.87,0.7,0.56
Ord_1517,Prod_13,SHP_2095,Cust_515,136.49,0.1,15,36.23,1.09,0.43
Ord_1481,Prod_6,SHP_2044,Cust_515,393.31,0.04,20,84.3,5.86,0.38
Ord_1519,Prod_10,SHP_2098,Cust_515,2701.69,0.05,33,-926.33,55.81,0.6
Ord_1395,Prod_3,SHP_1926,Cust_515,158.97,0.08,39,-30.27,2.99,0.37
Ord_1348,Prod_13,SHP_1854,Cust_515,68.97,0.02,24,0.77,0.97,0.59
Ord_1348,Prod_6,SHP_1853,Cust_515,199.8,0.08,31,-96.59,6.81,0.36
Ord_4646,Prod_15,SHP_6475,Cust_1603,4083.19,0.07,43,-1049.85,45,0.69
Ord_4646,Prod_1,SHP_6476,Cust_1603,4902.38,0.05,32,1438.49,7.07,0.59
Ord_4702,Prod_3,SHP_6560,Cust_1603,11823.52,0.1,34,4592.74,19.99,0.4
Ord_4646,Prod_15,SHP_6474,Cust_1603,1239.06,0,4,-193.08,48.8,0.56
Ord_4702,Prod_3,SHP_6560,Cust_1603,80.81,0.1,19,-67.46,5.41,0.35
Ord_2973,Prod_4,SHP_4102,Cust_1081,4671.1495,0.07,28,947.31,4.2,0.59
Ord_3009,Prod_15,SHP_4168,Cust_1081,5718.85,0.09,49,-2426.55,70.2,0.74
Ord_2973,Prod_4,SHP_4102,Cust_1480,6264.1855,0.01,34,1312.04,19.99,0.6
Ord_2973,Prod_9,SHP_6073,Cust_1480,5410.95,0.09,36,2077.91,19.99,0.39
Ord_4572,Prod_6,SHP_6360,Cust_1480,377.83,0.06,41,122.06,2.15,0.4
Ord_1995,Prod_6,SHP_2724,Cust_702,240.14,0.06,36,57.78,2,0.39
Ord_1915,Prod_6,SHP_2623,Cust_702,980.95,0.02,41,234.68,8.18,0.39
Ord_2273,Prod_5,SHP_3101,Cust_1104,180.43,0.02,8,-44.86,11.17,0.6
Ord_2273,Prod_8,SHP_3101,Cust_878,2899.98,0.1,19,666.01,5.5,0.49
Ord_2273,Prod_6,SHP_3102,Cust_878,233.38,0.1,36,-180.17,8.73,0.37
Ord_2246,Prod_2,SHP_3054,Cust_878,294.52,0.09,14,15.34,5.94,0.5
Ord_2273,Prod_4,SHP_3100,Cust_878,1077.8085,0.06,20,17.25,8.99,0.56
Ord_5153,Prod_13,SHP_7201,Cust_1753,176.5,0.01,46,-119.35,4.17,0.59
Ord_5153,Prod_1,SHP_7201,Cust_1753,1546.8,0.07,42,25.51,12.9,0.57
Ord_5239,Prod_13,SHP_7318,Cust_1753,452.28,0.09,48,-21,4.82,0.47
Ord_5157,Prod_15,SHP_7208,Cust_1753,5149.06,0.03,27,605.44,30,0.69
Ord_5230,Prod_4,SHP_7304,Cust_1753,2197.4115,0,20,305.96,7.69,0.58
Ord_5153,Prod_11,SHP_7202,Cust_1753,3457.56,0.02,35,-365.44,51.94,0.63
Ord_5159,Prod_5,SHP_7210,Cust_1753,2213.92,0.03,20,768.34,13.99,0.65
Ord_5230,Prod_1,SHP_7304,Cust_1753,423.04,0.05,2,-270.7,9.99,0.6
Ord_5239,Prod_13,SHP_7318,Cust_1753,55.82,0.01,18,14.19,0.81,0.4
Ord_2831,Prod_3,SHP_3893,Cust_1036,18092.66,0.09,36,7917.76,19.99,0.37
Ord_2791,Prod_12,SHP_3837,Cust_1036,68.54,0.1,25,22.2,0.5,0.39
Ord_2791,Prod_11,SHP_3838,Cust_1036,10351.01,0.08,19,-1331.55,45.7,0.71
Ord_2739,Prod_5,SHP_3758,Cust_1036,363.92,0,44,-144.56,7.96,0.49
Ord_2585,Prod_11,SHP_3540,Cust_997,7287.55,0.04,24,-715.78,54.12,0.76
Ord_2653,Prod_6,SHP_3630,Cust_997,306.3,0.07,34,18.73,4.39,0.38
Ord_2691,Prod_5,SHP_3685,Cust_997,311.19,0.03,33,-9.18,4.93,0.57
Ord_2753,Prod_15,SHP_3779,Cust_997,2549.58,0.02,10,41.53,62.94,0.57
Ord_2753,Prod_3,SHP_3778,Cust_997,23106.46,0.08,28,9527.47,19.99,0.38
Ord_2653,Prod_13,SHP_3630,Cust_997,163.98,0.01,42,55.73,0.7,0.44
Ord_2799,Prod_15,SHP_3850,Cust_997,11002.66,0.07,46,2349.29,43.32,0.55
Ord_2725,Prod_9,SHP_3735,Cust_997,806.08,0.08,31,402.37,1.39,0.38
Ord_2725,Prod_2,SHP_3734,Cust_997,9081.98,0.02,39,2485.54,19.99,0.59
Ord_2725,Prod_1,SHP_3736,Cust_997,70.02,0,4,-30.63,8.78,0.57
Ord_4675,Prod_12,SHP_6519,Cust_1618,92.94,0.09,20,37.77,0.5,0.36
Ord_4784,Prod_5,SHP_6668,Cust_1618,952.21,0.05,50,403.83,3.62,0.43
Ord_4675,Prod_11,SHP_6520,Cust_1618,6070.96,0.01,19,173.48,54.12,0.76
Ord_4730,Prod_1,SHP_6598,Cust_1618,8230.77,0.05,50,1577.02,19.99,0.66
Ord_2987,Prod_8,SHP_4127,Cust_1101,990.73,0.02,30,56.39,4,0.75
Ord_3729,Prod_13,SHP_5174,Cust_1595,493.43,0.07,26,120.18,4.1,0.44
Ord_3733,Prod_9,SHP_5847,Cust_1427,142.12,0.01,13,54.91,1.39,0.39
Ord_4204,Prod_4,SHP_5861,Cust_1427,277.0745,0.03,41,-128.44,5.03,0.6
Ord_4217,Prod_11,SHP_5884,Cust_1427,7413.29,0.01,49,1148.23,16.01,0.7
Ord_4217,Prod_6,SHP_5883,Cust_1427,60.02,0.1,16,0.94,1.93,0.35
Ord_4217,Prod_3,SHP_5882,Cust_1427,315.45,0.01,40,-305.88,11.51,0.36
Ord_3730,Prod_16,SHP_5175,Cust_1314,459.08,0.04,34,61.57,3.14,0.6
Ord_3733,Prod_4,SHP_5178,Cust_1314,553.3415,0.08,33,-67.71,0.99,0.83
Ord_3731,Prod_13,SHP_5176,Cust_1314,193.7,0.06,20,-14.99,4.82,0.47
Ord_3729,Prod_6,SHP_5173,Cust_1313,354.96,0.07,43,151.27,1.43,0.35
Ord_3729,Prod_6,SHP_5174,Cust_1313,130.97,0.09,26,-83.42,6.07,0.36
Ord_4386,Prod_5,SHP_6115,Cust_1468,27.32,0.05,6,-5.87,5.33,0.43
Ord_4386,Prod_1,SHP_6116,Cust_1468,643.31,0.08,43,-231.34,10.68,0.58
Ord_4342,Prod_13,SHP_6056,Cust_1468,1348.57,0.08,47,19.57,8.99,0.58
Ord_4342,Prod_1,SHP_6054,Cust_1468,1225.52,0.1,36,-1191.13,35,0.85
Ord_4432,Prod_4,SHP_6177,Cust_1468,7312.0315,0.06,50,2031.51,8.99,0.57
Ord_4342,Prod_8,SHP_6055,Cust_1468,1024.29,0.07,10,-95.52,19.99,0.52
Ord_4451,Prod_6,SHP_6200,Cust_1527,123.15,0.05,23,22.98,2.04,0.36
Ord_628,Prod_4,SHP_860,Cust_220,477.5045,0.09,17,-245.56,5,0.85
Ord_639,Prod_4,SHP_872,Cust_209,763.6485,0.06,8,-277.78,5.26,0.57
Ord_597,Prod_2,SHP_815,Cust_209,1449.3,0.08,24,-712.14,49,0.59
Ord_671,Prod_3,SHP_918,Cust_209,125.54,0.03,14,-15.74,6.16,0.35
Ord_657,Prod_4,SHP_899,Cust_209,2343.076,0.06,24,311.64,8.99,0.58
Ord_678,Prod_6,SHP_928,Cust_209,118.36,0.08,17,-60.65,7.37,0.37
Ord_657,Prod_8,SHP_898,Cust_209,784.72,0.01,43,-87.96,4,0.79
Ord_645,Prod_5,SHP_882,Cust_209,919,0,50,89.6,8.99,0.47
Ord_657,Prod_15,SHP_897,Cust_209,1865.94,0.04,11,116.1,30,0.62
Ord_636,Prod_6,SHP_869,Cust_209,201.37,0.1,30,59.84,1.6,0.38
Ord_630,Prod_8,SHP_862,Cust_209,1500.17,0.06,40,423.87,1.99,0.51
Ord_597,Prod_4,SHP_816,Cust_209,4283.235,0.1,44,676.13,8.8,0.59
Ord_630,Prod_6,SHP_863,Cust_209,377.31,0.02,45,87.96,2.87,0.4
Ord_597,Prod_4,SHP_816,Cust_209,4374.6865,0.05,43,973.16,8.08,0.57
Ord_1846,Prod_7,SHP_2540,Cust_648,161.28,0.01,46,56.73,0.76,0.39
Ord_2008,Prod_17,SHP_2744,Cust_723,5549.79,0.09,47,1300.8,17.85,0.56
Ord_1846,Prod_1,SHP_2666,Cust_723,250.75,0.02,13,-43.52,9.47,0.59
Ord_2062,Prod_4,SHP_2818,Cust_723,821.7885,0.06,18,-230.34,5,0.8
Ord_1846,Prod_6,SHP_2540,Cust_723,1356.45,0.02,37,47.65,19.99,0.38
Ord_1955,Prod_6,SHP_2676,Cust_723,164.22,0.1,28,-124.72,7.5,0.4
Ord_1846,Prod_8,SHP_2667,Cust_723,313.05,0.02,31,81.87,1.99,0.43
Ord_1986,Prod_8,SHP_2714,Cust_723,815.89,0.1,43,-20.25,4,0.68
Ord_1955,Prod_6,SHP_2676,Cust_1090,135.91,0.07,25,37.5,1.21,0.4
Ord_1986,Prod_3,SHP_3045,Cust_856,30.61,0.09,11,-3.38,1.49,0.36
Ord_2255,Prod_8,SHP_3070,Cust_856,452.93,0.09,43,-172.34,6.5,0.64
Ord_1846,Prod_6,SHP_2666,Cust_856,200.7,0.02,29,-147.72,9.17,0.37
Ord_2225,Prod_10,SHP_3025,Cust_856,9459.94,0.04,31,2023.75,54.92,0.55
Ord_2255,Prod_6,SHP_3069,Cust_856,311.1,0.04,45,86.6,2,0.39
Ord_2062,Prod_4,SHP_3182,Cust_856,5634.3525,0.03,34,1185.41,8.08,0.59
Ord_5161,Prod_12,SHP_7212,Cust_1752,228.46,0.01,47,112.06,0.5,0.36
Ord_5161,Prod_6,SHP_7213,Cust_1752,77.61,0.09,19,16.79,1.3,0.37
Ord_5203,Prod_13,SHP_7269,Cust_1752,95.26,0.02,26,-89.06,5,0.56
Ord_5170,Prod_11,SHP_7227,Cust_1752,1358.776,0.01,3,-163.2,45.7,0.71
Ord_5175,Prod_17,SHP_7232,Cust_1752,1191.73,0.07,13,147.6,13.99,0.38
Ord_5165,Prod_12,SHP_7218,Cust_1752,95.71,0.04,38,32.81,0.5,0.39
Ord_5245,Prod_8,SHP_7325,Cust_1752,99.94,0.07,46,-55.84,1.99,0.55
Ord_5245,Prod_13,SHP_7326,Cust_1752,18.7,0.07,11,-3.36,0.7,0.56
Ord_5151,Prod_13,SHP_7199,Cust_1752,122.23,0.03,29,24.55,1.2,0.44
Ord_5223,Prod_4,SHP_7296,Cust_1752,4524.907,0.07,47,1464.87,2.5,0.55
Ord_5337,Prod_10,SHP_7451,Cust_1770,3301.33,0.05,23,-307.46,36.09,0.77
Ord_5278,Prod_6,SHP_7367,Cust_1770,172.33,0.04,26,-52.21,5.74,0.37
Ord_5316,Prod_2,SHP_7425,Cust_1770,412.37,0.06,46,2.71,3.5,0.58
Ord_5248,Prod_6,SHP_7329,Cust_1770,53.46,0.02,7,-17.58,5.9,0.37
Ord_5278,Prod_3,SHP_7367,Cust_1770,852.75,0.08,29,358.73,1.49,0.37
Ord_5284,Prod_4,SHP_7377,Cust_1770,5638.798,0.09,33,1406.05,3,0.58
Ord_5337,Prod_12,SHP_7452,Cust_1770,126.95,0.06,28,45.87,0.99,0.39
Ord_5251,Prod_6,SHP_7332,Cust_1770,881.65,0.08,50,41.27,9.03,0.37
Ord_5269,Prod_4,SHP_7356,Cust_1770,1281.358,0.09,14,-90.12,5.99,0.57
Ord_5284,Prod_12,SHP_7376,Cust_1770,203.49,0.05,34,90.35,0.5,0.39
Ord_4825,Prod_17,SHP_6723,Cust_1652,2013.8,0.01,16,-98.43,56.14,0.39
Ord_4825,Prod_3,SHP_6722,Cust_1652,320.57,0.1,46,-114.2,6.05,0.39
Ord_4770,Prod_8,SHP_6653,Cust_1652,1734.4,0.02,49,749.16,1.99,0.43
Ord_4143,Prod_6,SHP_5770,Cust_1417,901.32,0.1,25,338.01,5.08,0.38
Ord_4143,Prod_16,SHP_5771,Cust_1417,207.21,0.06,24,-78.64,6.14,0.59
Ord_4538,Prod_8,SHP_6317,Cust_1552,105.13,0.08,4,-103.23,4,0.75
Ord_1528,Prod_13,SHP_2113,Cust_506,964.09,0.02,44,105.37,5.53,0.59
Ord_1445,Prod_3,SHP_1996,Cust_506,18.7,0.1,3,-14.69,5.83,0.36
Ord_1327,Prod_6,SHP_1827,Cust_506,391.42,0.04,38,25.03,5.12,0.4
Ord_1607,Prod_4,SHP_2220,Cust_506,2980.372,0.02,19,494.63,8.99,0.57
Ord_1528,Prod_13,SHP_2112,Cust_506,36.65,0.03,6,0.43,0.91,0.51
Ord_1607,Prod_3,SHP_2220,Cust_506,50.42,0.06,10,7.25,1.49,0.36
Ord_1445,Prod_13,SHP_1996,Cust_506,140.74,0.01,39,-92.29,3.97,0.56
Ord_69,Prod_1,SHP_93,Cust_53,5188.86,0.1,48,395.12,8.64,0.78
Ord_297,Prod_17,SHP_399,Cust_53,171.71,0.06,1,-343.47,56.14,0.4
Ord_288,Prod_12,SHP_389,Cust_53,47.44,0.09,17,14.49,0.5,0.38
Ord_272,Prod_4,SHP_371,Cust_53,680.8585,0.05,39,319.1,0.99,0.37
Ord_266,Prod_5,SHP_364,Cust_53,30.68,0.02,15,-37.39,4.08,0.53
Ord_12,Prod_9,SHP_15,Cust_11,248.26,0.07,16,93.8,1.39,0.4
Ord_5171,Prod_8,SHP_7228,Cust_1756,372.09,0.04,16,98.28,1.99,0.43
Ord_5167,Prod_2,SHP_7221,Cust_1756,212.91,0,3,-65.15,3.5,0.59
Ord_5177,Prod_2,SHP_7234,Cust_1756,321.02,0.1,37,-11.88,3.5,0.58
Ord_5167,Prod_6,SHP_7222,Cust_1756,1275.61,0.08,35,517.33,5.08,0.38
Ord_5212,Prod_5,SHP_7283,Cust_1756,447.12,0.08,43,-14.27,5.16,0.57
Ord_5180,Prod_9,SHP_7237,Cust_1756,862.64,0.04,23,122.11,14.72,0.4
Ord_5167,Prod_17,SHP_7223,Cust_1756,5972.59,0.06,3,-4852.53,14.7,0.55
Ord_5209,Prod_11,SHP_7279,Cust_1767,1457.712,0.03,24,-1565.89,89.3,0.69
Ord_4830,Prod_6,SHP_6731,Cust_1659,158.91,0.06,24,-38.57,5.2,0.37
Ord_4796,Prod_16,SHP_6686,Cust_1659,95.09,0.09,9,-13.53,3.37,0.57
Ord_4796,Prod_13,SHP_6687,Cust_1659,150.06,0.02,49,30.97,0.7,0.56
Ord_4796,Prod_6,SHP_6686,Cust_1659,122.09,0.04,6,-15.2,9.54,0.37
Ord_1965,Prod_3,SHP_2689,Cust_669,267,0.09,19,-2.83,7.17,0.38
Ord_1881,Prod_1,SHP_2582,Cust_669,381.6,0.1,2,-319.02,19.99,0.71
Ord_1922,Prod_4,SHP_2634,Cust_669,60.5625,0.02,2,-165.54,1.1,0.55
Ord_1854,Prod_6,SHP_2548,Cust_622,817.53,0.03,34,76.63,11.54,0.39
Ord_1814,Prod_13,SHP_2507,Cust_622,81.9,0.01,27,4.06,0.96,0.58
Ord_1854,Prod_16,SHP_2548,Cust_727,182.47,0.05,17,-3.18,3.37,0.57
Ord_2967,Prod_12,SHP_4090,Cust_560,132.12,0.07,37,54.78,0.5,0.37
Ord_1521,Prod_15,SHP_2100,Cust_560,2230.97,0.06,12,273.27,26.2,0.59
Ord_1521,Prod_5,SHP_2101,Cust_560,200.77,0.01,25,-60.61,7.98,0.42
Ord_2959,Prod_11,SHP_4080,Cust_1076,907.24,0.07,6,-634.73,69,0.68
Ord_3000,Prod_2,SHP_4152,Cust_564,353.02,0,7,72.55,5.1,0.46
Ord_2957,Prod_13,SHP_4078,Cust_564,65.12,0.07,38,1.42,1,0.35
Ord_1535,Prod_1,SHP_2124,Cust_564,1326.69,0,37,185.37,8.74,0.61
Ord_1544,Prod_3,SHP_2135,Cust_564,60.92,0.07,33,-17.2,1.49,0.37
Ord_2991,Prod_13,SHP_4136,Cust_564,193.25,0.03,19,71.55,1.09,0.43
Ord_2957,Prod_6,SHP_4078,Cust_564,205.87,0.03,35,65.88,1.46,0.39
Ord_1854,Prod_17,SHP_2548,Cust_564,25.96,0.06,2,-29.29,6.24,0.36
Ord_1535,Prod_2,SHP_2123,Cust_564,3638.27,0.04,45,1123.79,4.5,0.59
Ord_2946,Prod_6,SHP_4065,Cust_564,51.27,0.06,7,3.27,2.17,0.38
Ord_1544,Prod_5,SHP_2136,Cust_564,387.17,0.01,8,190.6,4.8,0.68
Ord_4506,Prod_16,SHP_6273,Cust_1544,92.02,0.07,9,-24.88,4.68,0.59
Ord_1814,Prod_9,SHP_2507,Cust_1550,495.5,0.06,44,-12.67,6.97,0.35
Ord_4083,Prod_13,SHP_5692,Cust_1393,557.52,0.03,47,-157.3,7.95,0.58
Ord_4058,Prod_4,SHP_5658,Cust_1393,642.9145,0.01,11,-118.8,8.99,0.6
Ord_4046,Prod_13,SHP_5638,Cust_1393,24.76,0.09,9,-1.82,0.7,0.56
Ord_4072,Prod_6,SHP_5678,Cust_1393,325.8,0.03,45,-84.85,6.18,0.39
Ord_4018,Prod_8,SHP_5592,Cust_1385,187.37,0.09,6,-125.96,5.5,0.75
Ord_4050,Prod_4,SHP_5644,Cust_1385,3644.596,0.06,44,1104.32,4.9,0.56
Ord_4039,Prod_9,SHP_5626,Cust_1385,112.42,0.09,20,7.4,2.5,0.36
Ord_4066,Prod_8,SHP_5671,Cust_1385,963.45,0.05,22,94.03,4,0.64
Ord_4062,Prod_5,SHP_5665,Cust_1385,2504.41,0.01,30,-547.89,48.2,0.74
Ord_4019,Prod_9,SHP_5593,Cust_1385,356.09,0.05,23,155.82,1.39,0.38
Ord_4094,Prod_6,SHP_5706,Cust_1385,979.44,0.01,46,320.67,5.86,0.38
Ord_4066,Prod_4,SHP_5672,Cust_1385,4390.029,0,25,1007.49,5.26,0.56
Ord_4096,Prod_1,SHP_5708,Cust_1388,7922.69,0.1,21,1558.79,19.99,0.58
Ord_4078,Prod_6,SHP_5685,Cust_1388,241.92,0.1,26,67.71,2.27,0.36
Ord_4080,Prod_7,SHP_5687,Cust_1388,10.62,0.07,3,-3.96,1.35,0.4
Ord_4080,Prod_1,SHP_5689,Cust_1388,351.3,0.06,10,1.45,8.22,0.57
Ord_4023,Prod_5,SHP_5598,Cust_1388,486.43,0,15,285.35,3.92,0.44
Ord_4068,Prod_8,SHP_5674,Cust_1388,1692.28,0.1,46,61,4,0.7
Ord_4023,Prod_6,SHP_5599,Cust_1388,144.95,0.08,7,10.82,5.86,0.38
Ord_4080,Prod_16,SHP_5688,Cust_1388,666.4,0,39,2.02,7.42,0.56
Ord_4896,Prod_4,SHP_6829,Cust_1674,2827.1425,0.01,35,713.88,4.9,0.56
Ord_4898,Prod_13,SHP_6832,Cust_1674,66.55,0.01,40,-15.13,1.29,0.42
Ord_4840,Prod_3,SHP_6748,Cust_1674,278.68,0.06,20,8.9,6.46,0.38
Ord_4840,Prod_4,SHP_6749,Cust_1674,717.468,0.01,23,316.48,0.99,0.35
Ord_4871,Prod_2,SHP_6798,Cust_1674,101.47,0.03,9,-18.64,4.5,0.59
Ord_4898,Prod_3,SHP_6832,Cust_1674,3982.21,0.03,23,1413.94,19.99,0.4
Ord_4947,Prod_6,SHP_6903,Cust_1674,33.44,0.1,4,-6.88,2.87,0.4
Ord_302,Prod_13,SHP_406,Cust_114,667.55,0,28,204.74,2.87,0.55
Ord_47,Prod_1,SHP_61,Cust_37,436.17,0.08,40,-141.27,7.46,0.59
Ord_335,Prod_12,SHP_448,Cust_127,83.81,0.09,7,21.92,0.5,0.38
Ord_335,Prod_13,SHP_449,Cust_127,218.81,0.03,36,7.45,2.27,0.56
Ord_5422,Prod_5,SHP_7574,Cust_1810,1823.02,0.04,19,80.8,39.61,0.67
Ord_5373,Prod_3,SHP_7503,Cust_1810,3633.03,0.09,33,1440.27,9.07,0.35
Ord_5433,Prod_13,SHP_7592,Cust_1810,209.63,0.01,35,43.53,1.2,0.55
Ord_5422,Prod_13,SHP_7575,Cust_1810,74.02,0.04,26,8.13,0.7,0.56
Ord_5494,Prod_10,SHP_7679,Cust_1810,2453.3,0.05,24,-111.4,35.84,0.62
Ord_5410,Prod_11,SHP_7554,Cust_1810,6785.86,0.05,27,-740.07,62.74,0.75
Ord_5473,Prod_10,SHP_7646,Cust_1810,4878.64,0.03,31,-519.94,66.27,0.65
Ord_5422,Prod_4,SHP_7576,Cust_1810,2252.976,0.02,13,-54.36,8.99,0.58
Ord_5494,Prod_6,SHP_7680,Cust_1810,147.02,0.02,29,-77.03,5.49,0.38
Ord_5442,Prod_6,SHP_7604,Cust_1810,313.52,0.05,48,-254.68,9.17,0.37
Ord_5468,Prod_13,SHP_7640,Cust_1822,57.96,0.06,17,-47.32,3.97,0.56
Ord_1675,Prod_6,SHP_2317,Cust_575,1662.33,0.02,32,783.84,5.81,0.38
Ord_1675,Prod_8,SHP_2316,Cust_575,254.46,0.09,32,23.5,1.99,0.49
Ord_1675,Prod_5,SHP_2316,Cust_575,278.19,0.02,32,149.39,0.96,0.43
Ord_4076,Prod_3,SHP_5682,Cust_1384,1484.49,0.09,23,230.5,19.99,0.4
Ord_4017,Prod_4,SHP_5591,Cust_1384,1703.8505,0,28,316.06,8.99,0.58
Ord_4035,Prod_12,SHP_5619,Cust_1384,101.2,0.1,37,38.58,0.5,0.36
Ord_4087,Prod_12,SHP_5698,Cust_1384,173.22,0.04,35,84.03,0.5,0.36
Ord_4017,Prod_4,SHP_5591,Cust_1384,303.1865,0.02,17,92.59,0.99,0.37
Ord_4043,Prod_17,SHP_5633,Cust_1384,6991.65,0.08,19,906.8,12.06,0.56
Ord_1984,Prod_6,SHP_2712,Cust_747,692.73,0.01,16,94.97,17.48,0.36
Ord_1541,Prod_8,SHP_2132,Cust_547,414.42,0.04,48,-380.2,8.99,0.79
Ord_1437,Prod_6,SHP_1988,Cust_547,145.93,0,27,-113.32,7.44,0.36
Ord_2252,Prod_3,SHP_3064,Cust_881,3.42,0.05,1,-2.91,1.49,0.37
Ord_3707,Prod_17,SHP_5136,Cust_1307,28359.4,0.05,49,14440.39,24.49,0.37
Ord_3707,Prod_6,SHP_5137,Cust_1307,123.76,0.04,12,32.44,2.27,0.36
Ord_3713,Prod_1,SHP_5145,Cust_1307,27.83,0.09,2,-22.14,9.45,0.6
Ord_1437,Prod_8,SHP_5152,Cust_1307,312.03,0.08,11,-66.66,5.5,0.51
Ord_1437,Prod_15,SHP_5151,Cust_1307,6435.87,0.04,21,935.06,64.73,0.56
Ord_3707,Prod_8,SHP_5135,Cust_1307,522.49,0.08,12,-236.43,16.71,0.66
Ord_5493,Prod_10,SHP_7678,Cust_1825,1851.62,0.09,19,-220.84,35.84,0.62
Ord_5493,Prod_3,SHP_7677,Cust_1825,561.66,0.07,26,-111.33,15.1,0.38
Ord_1551,Prod_16,SHP_2145,Cust_531,184.77,0,29,-71.96,5.3,0.55
Ord_1377,Prod_13,SHP_1897,Cust_531,37.3,0,7,5.03,0.71,0.52
Ord_4144,Prod_2,SHP_5772,Cust_1418,2182.91,0.1,40,549.45,3.5,0.57
Ord_4144,Prod_1,SHP_5773,Cust_1418,1144.35,0.05,14,-448.6,35,0.83
Ord_4144,Prod_11,SHP_5774,Cust_1418,1496.83,0.07,8,-329.72,56.2,0.71
Ord_4187,Prod_6,SHP_5837,Cust_1418,135.02,0.02,20,-60.69,6.74,0.37
Ord_4168,Prod_9,SHP_5807,Cust_1418,669.01,0.08,44,299.35,1.39,0.4
Ord_4168,Prod_5,SHP_5808,Cust_1418,301.6,0.01,30,-24.93,6.22,0.55
Ord_1670,Prod_4,SHP_2308,Cust_566,2077.1875,0.05,12,-38.07,4.2,0.59
Ord_1670,Prod_3,SHP_2307,Cust_566,362.71,0.07,48,-88.95,6.16,0.35
Ord_1579,Prod_1,SHP_2179,Cust_566,1221.62,0.01,18,-468.64,35,0.8
Ord_1621,Prod_3,SHP_2238,Cust_566,2010.89,0.09,34,564.07,11.55,0.38
Ord_1579,Prod_16,SHP_2178,Cust_566,139.37,0.04,16,1.72,2.64,0.59
Ord_1579,Prod_6,SHP_2177,Cust_566,23.38,0.08,3,-12.19,5.14,0.37
Ord_614,Prod_3,SHP_838,Cust_217,3800.4,0.03,9,1234.57,19.99,0.35
Ord_647,Prod_15,SHP_884,Cust_217,6276.83,0.09,23,813.49,48.8,0.56
Ord_632,Prod_10,SHP_865,Cust_217,5572.92,0.07,41,-639.47,36.09,0.77
Ord_1997,Prod_15,SHP_2728,Cust_753,4547.9,0.01,45,-768.14,58.2,0.58
Ord_2049,Prod_12,SHP_2800,Cust_701,110.96,0.08,46,35.92,0.5,0.39
Ord_1939,Prod_8,SHP_2656,Cust_701,901.81,0.02,18,-76.89,19.99,0.41
Ord_1914,Prod_17,SHP_2622,Cust_701,794.58,0.09,1,-1748.34,55.3,0.4
Ord_1919,Prod_12,SHP_2631,Cust_701,45.63,0.02,12,15.42,0.5,0.38
Ord_1325,Prod_6,SHP_1824,Cust_504,259.72,0.07,27,78.05,2.06,0.39
Ord_1325,Prod_13,SHP_1825,Cust_504,54.69,0.07,34,-35.75,1.57,0.59
Ord_2202,Prod_6,SHP_3001,Cust_834,345.69,0.02,22,143.23,1.97,0.39
Ord_153,Prod_8,SHP_205,Cust_80,261.88,0.08,7,-59.2,1.99,0.54
Ord_116,Prod_4,SHP_159,Cust_80,5247.4835,0,49,1465.87,8.08,0.57
Ord_153,Prod_6,SHP_206,Cust_80,593.73,0.04,15,108.01,13.26,0.36
Ord_116,Prod_8,SHP_158,Cust_80,436.05,0.09,15,-92.58,4,0.75
Ord_116,Prod_3,SHP_157,Cust_80,114.12,0.05,30,15.73,1.49,0.38
Ord_40,Prod_2,SHP_53,Cust_31,239.03,0.01,3,-68.22,4.5,0.55
Ord_40,Prod_3,SHP_52,Cust_31,384.33,0.1,7,87.68,1.49,0.38
Ord_5329,Prod_3,SHP_7441,Cust_1784,86.64,0.09,21,-73.07,5.26,0.38
Ord_5323,Prod_6,SHP_7435,Cust_1784,112.81,0.02,16,-85.23,9.17,0.37
Ord_5282,Prod_3,SHP_7374,Cust_1784,314,0.07,47,-66.04,5.27,0.36
Ord_5299,Prod_6,SHP_7397,Cust_1784,277.58,0.08,39,-276.88,11.15,0.37
Ord_5299,Prod_11,SHP_7398,Cust_1784,4887.14,0.08,12,-694.33,110.2,0.67
Ord_5271,Prod_17,SHP_7359,Cust_1784,896.49,0,4,-452.27,14.7,0.59
Ord_5282,Prod_7,SHP_7374,Cust_1784,155.54,0.09,50,15.66,1.35,0.4
Ord_5334,Prod_2,SHP_7447,Cust_1784,118.51,0.03,21,-948.71,49,0.56
Ord_5299,Prod_4,SHP_7399,Cust_1784,7195.2585,0.09,44,1698.16,8.08,0.59
Ord_5306,Prod_10,SHP_7410,Cust_1784,446.05,0.09,3,-271.26,53.48,0.65
Ord_631,Prod_6,SHP_864,Cust_211,204.49,0.05,30,-142.3,8.73,0.37
Ord_635,Prod_11,SHP_868,Cust_211,986.272,0.02,16,-647.14,69,0.68
Ord_600,Prod_4,SHP_821,Cust_211,606.56,0.04,15,20.23,4.99,0.56
Ord_655,Prod_6,SHP_895,Cust_211,295.37,0.04,50,-97.23,5.46,0.36
Ord_627,Prod_2,SHP_857,Cust_211,285.08,0.08,7,2.3,5.33,0.57
Ord_611,Prod_6,SHP_835,Cust_211,176.1,0.09,27,-75.71,6.18,0.39
Ord_667,Prod_1,SHP_913,Cust_211,7036.11,0,43,1268.65,19.99,0.66
Ord_600,Prod_6,SHP_820,Cust_211,49.55,0.06,6,-20.33,7.64,0.36
Ord_4330,Prod_4,SHP_6037,Cust_1451,312.035,0.05,17,-55.94,0.99,0.83
Ord_4318,Prod_1,SHP_6023,Cust_1451,433.31,0.05,18,-815.79,53.03,0.78
Ord_4263,Prod_9,SHP_5951,Cust_1451,40.79,0.02,3,-11.69,5.72,0.35
Ord_4263,Prod_6,SHP_5952,Cust_1451,524.25,0,16,124.18,8.74,0.4
Ord_1223,Prod_8,SHP_1690,Cust_470,288.55,0.03,37,-133.7,5.53,0.69
Ord_1226,Prod_4,SHP_1693,Cust_470,1297.4485,0.04,18,4.21,10.78,0.58
Ord_1254,Prod_6,SHP_1733,Cust_470,150.13,0.09,13,1.73,4.86,0.38
Ord_1415,Prod_1,SHP_1954,Cust_510,396.69,0.09,12,-18.45,8.74,0.61
Ord_1337,Prod_6,SHP_1839,Cust_510,225.21,0.06,38,-66.16,5.2,0.36
Ord_1532,Prod_4,SHP_2119,Cust_510,1491.8265,0.1,28,124.83,8.99,0.56
Ord_1415,Prod_8,SHP_1952,Cust_510,4598.73,0.04,45,1049.45,19.99,0.5
Ord_1429,Prod_16,SHP_1976,Cust_510,539.06,0.05,42,-123.07,4.59,0.82
Ord_1337,Prod_5,SHP_1838,Cust_510,75.72,0.02,7,20.29,6.02,0.48
Ord_1415,Prod_5,SHP_1953,Cust_510,2673.08,0.01,45,-1363.12,52.2,0.72
Ord_4801,Prod_5,SHP_6693,Cust_1661,11.7,0,1,-8.06,5.57,0.41
Ord_4388,Prod_8,SHP_6118,Cust_1501,448.23,0.01,26,110.6,4,0.37
Ord_2489,Prod_4,SHP_3410,Cust_925,519.9535,0,9,-107.99,5.92,0.55
Ord_2510,Prod_4,SHP_3439,Cust_925,1940.21,0.09,12,-215.34,4.2,0.59
Ord_2510,Prod_13,SHP_3439,Cust_925,1717.21,0.08,44,176.13,8.99,0.59
Ord_2327,Prod_8,SHP_3194,Cust_925,125.85,0.09,25,-89.25,4.62,0.64
Ord_2519,Prod_13,SHP_3451,Cust_925,80,0.03,13,10.96,1.2,0.55
Ord_2498,Prod_1,SHP_3424,Cust_925,670.03,0.01,10,-326.47,35,0.8
Ord_2489,Prod_6,SHP_3410,Cust_925,63.61,0.01,6,7.59,2.06,0.39
Ord_2519,Prod_1,SHP_3452,Cust_925,137.42,0.04,8,-24.86,6.25,0.58
Ord_2489,Prod_4,SHP_3411,Cust_925,5636.3075,0.04,41,1595.67,8.99,0.58
Ord_2509,Prod_11,SHP_3438,Cust_981,1392.77,0,42,-1981.55,45.51,0.65
Ord_2429,Prod_9,SHP_3335,Cust_965,53.66,0.09,5,5.69,1.39,0.35
Ord_2540,Prod_5,SHP_3478,Cust_965,1020.88,0.08,47,173.94,8.99,0.44
Ord_2471,Prod_16,SHP_3386,Cust_965,90.93,0.05,43,-72.5,2.56,0.55
Ord_2471,Prod_13,SHP_3386,Cust_965,125.95,0,10,15.73,2.36,0.55
Ord_2413,Prod_11,SHP_3311,Cust_965,7981.2,0.02,21,-592.52,85.63,0.74
Ord_2415,Prod_7,SHP_3313,Cust_965,60.64,0.05,31,-66.62,2.58,0.82
Ord_2471,Prod_5,SHP_3385,Cust_965,129.5,0.02,6,65.49,6.68,0.53
Ord_2517,Prod_11,SHP_3447,Cust_965,5407.9,0.01,35,-352.79,46.2,0.69
Ord_2471,Prod_3,SHP_3384,Cust_965,61.43,0.09,9,-42.98,7.78,0.37
Ord_155,Prod_8,SHP_209,Cust_98,251.75,0.07,31,22.46,1.99,0.52
Ord_155,Prod_15,SHP_208,Cust_98,795.74,0,22,-127.39,19.19,0.58
Ord_18,Prod_13,SHP_25,Cust_16,67.24,0.06,23,4.9,0.93,0.54
Ord_33,Prod_4,SHP_43,Cust_16,4253.009,0.01,30,1115.69,8.99,0.58
Ord_33,Prod_12,SHP_44,Cust_16,187.83,0.03,50,85.96,0.5,0.37
Ord_33,Prod_6,SHP_45,Cust_16,49.59,0.07,3,-8.38,6.47,0.38
Ord_34,Prod_3,SHP_46,Cust_16,59.38,0.1,7,-3.05,2.99,0.39
Ord_33,Prod_4,SHP_43,Cust_16,1210.0515,0.04,11,-104.25,7.69,0.58
Ord_5343,Prod_17,SHP_7461,Cust_1772,1582.47,0.05,13,-205.02,56.14,0.39
Ord_5252,Prod_4,SHP_7333,Cust_1772,584.511,0.05,33,-95.98,3.3,0.81
Ord_5288,Prod_8,SHP_7382,Cust_1772,466.28,0,15,92.7,1.99,0.5
Ord_5288,Prod_3,SHP_7382,Cust_1772,260.51,0.03,34,-127.52,7.72,0.38
Ord_5256,Prod_13,SHP_7339,Cust_1772,56.73,0.09,12,8.33,0.71,0.52
Ord_5296,Prod_3,SHP_7392,Cust_1772,68.5,0.07,24,2.69,1.49,0.36
Ord_5273,Prod_12,SHP_7362,Cust_1772,160.68,0.08,30,77.75,0.49,0.39
Ord_5272,Prod_1,SHP_7361,Cust_1776,3668.6,0.07,24,993.15,7.07,0.59
Ord_5272,Prod_6,SHP_7360,Cust_1776,107.12,0.08,2,-54.87,4.86,0.36
Ord_5310,Prod_6,SHP_7414,Cust_1776,134.33,0.07,43,25.02,1.14,0.4
Ord_5310,Prod_13,SHP_7415,Cust_1776,70.32,0.08,19,-56.07,4.17,0.59
Ord_5272,Prod_6,SHP_7361,Cust_1776,676.24,0.05,25,219.78,5.86,0.39
Ord_5257,Prod_5,SHP_7340,Cust_1776,157.03,0.07,7,13.21,5.08,0.41
Ord_5309,Prod_4,SHP_7413,Cust_1776,984.6315,0,20,-129.14,5,0.8
Ord_1127,Prod_3,SHP_1554,Cust_434,136.85,0.01,14,-4.43,5.6,0.36
Ord_1127,Prod_5,SHP_1554,Cust_434,12.74,0.05,1,-11.39,4.95,0.41
Ord_1110,Prod_3,SHP_1533,Cust_430,1935.25,0.04,29,652.19,11.55,0.38
Ord_1110,Prod_1,SHP_1534,Cust_430,5423.58,0.01,42,1361.56,19.99,0.59
Ord_1110,Prod_13,SHP_1533,Cust_430,278.5,0.1,13,-6.23,5.53,0.59
Ord_1924,Prod_5,SHP_2636,Cust_707,315.27,0.08,3,278.6,13.99,0.65
Ord_1933,Prod_1,SHP_2649,Cust_707,69.57,0.05,8,-36.06,6.5,0.59
Ord_2228,Prod_6,SHP_3029,Cust_858,230.23,0.06,50,-150.93,5.74,0.4
Ord_1924,Prod_13,SHP_2636,Cust_858,82.64,0.1,12,0.35,2.35,0.47
Ord_3858,Prod_15,SHP_5348,Cust_1346,1801.95,0.03,28,-182.07,32.41,0.56
Ord_3848,Prod_4,SHP_5335,Cust_1346,2660.6105,0.03,46,618.07,8.99,0.56
Ord_3860,Prod_6,SHP_5351,Cust_1346,210.9,0.03,32,-62.46,5.74,0.37
Ord_4367,Prod_8,SHP_6088,Cust_1489,757.91,0.02,23,-16.05,4,0.74
Ord_4367,Prod_10,SHP_6087,Cust_1489,6403.39,0.01,48,-824.15,54.74,0.69
Ord_5289,Prod_6,SHP_7384,Cust_1789,552.08,0,14,203.24,5.08,0.38
Ord_5289,Prod_10,SHP_7383,Cust_1789,477.39,0.02,5,-211.36,55.81,0.6
Ord_551,Prod_6,SHP_748,Cust_200,65.81,0.01,9,-15.44,5.19,0.37
Ord_578,Prod_3,SHP_785,Cust_200,733.92,0.03,26,302.8,1.49,0.38
Ord_550,Prod_13,SHP_747,Cust_200,102.95,0.06,30,-175.86,7.49,0.54
Ord_578,Prod_2,SHP_785,Cust_200,286.07,0.07,25,-35.94,4.98,0.58
Ord_557,Prod_2,SHP_756,Cust_200,6133.18,0.06,23,1243.17,23.19,0.59
Ord_578,Prod_8,SHP_785,Cust_200,99.11,0.01,6,-12.46,1.99,0.42
Ord_142,Prod_8,SHP_191,Cust_51,2689.48,0.04,27,399.93,19.99,0.5
Ord_142,Prod_8,SHP_190,Cust_51,17.19,0,1,-35.34,1.99,0.49
Ord_306,Prod_3,SHP_411,Cust_51,241.1,0.07,41,-243.24,8.49,0.39
Ord_67,Prod_6,SHP_91,Cust_51,400.57,0.05,20,93.36,5.77,0.38
Ord_306,Prod_5,SHP_412,Cust_51,491.93,0.04,49,-53.62,6.22,0.55
Ord_142,Prod_6,SHP_191,Cust_51,15.31,0.01,2,-8.15,4.86,0.38
Ord_4907,Prod_6,SHP_6844,Cust_207,172.04,0.05,25,-85.11,7.37,0.37
Ord_4892,Prod_4,SHP_6824,Cust_207,460.5895,0.02,8,-171.2,8.99,0.56
Ord_595,Prod_5,SHP_813,Cust_207,390.2,0.02,26,45,7.4,0.48
Ord_4847,Prod_5,SHP_6765,Cust_207,342.97,0.09,40,-131.63,8.54,0.43
Ord_661,Prod_5,SHP_903,Cust_207,1282.49,0.07,32,154.74,14.45,0.57
Ord_595,Prod_2,SHP_812,Cust_207,1222.68,0.06,21,300.97,3.99,0.57
Ord_679,Prod_6,SHP_929,Cust_227,29.31,0,2,-12.78,5.43,0.36
Ord_4857,Prod_17,SHP_6777,Cust_227,19100.45,0,40,6839.95,14.7,0.56
Ord_4909,Prod_2,SHP_6846,Cust_227,2180.23,0.05,37,660.25,3.5,0.57
Ord_679,Prod_6,SHP_929,Cust_227,80.26,0.06,11,-22.55,5.66,0.37
Ord_4922,Prod_4,SHP_6866,Cust_1680,4072.8175,0.1,45,897.36,3,0.59
Ord_4926,Prod_6,SHP_6871,Cust_1680,248.76,0.1,13,35.09,5.77,0.38
Ord_4870,Prod_7,SHP_6797,Cust_1680,78.51,0.09,36,-10.06,1.38,0.44
Ord_4935,Prod_4,SHP_6886,Cust_1680,2292.1015,0.02,21,398.36,3,0.59
Ord_4935,Prod_3,SHP_6885,Cust_1680,227.5,0.01,37,-256.52,9.92,0.38
Ord_4943,Prod_5,SHP_6896,Cust_1680,314.96,0.1,18,153.48,3.77,0.39
Ord_4941,Prod_14,SHP_6892,Cust_1680,6034.68,0.06,12,-517.08,24.49,0.36
Ord_4900,Prod_1,SHP_6834,Cust_1680,6995.56,0.07,26,-286.58,35,0.8
Ord_4865,Prod_8,SHP_6788,Cust_1680,1400.1,0.03,36,88.68,4,0.7
Ord_4944,Prod_3,SHP_6897,Cust_1680,120.15,0,40,11.32,1.49,0.36
Ord_4930,Prod_8,SHP_6879,Cust_1680,649.46,0.01,40,189.04,4,0.37
Ord_4926,Prod_11,SHP_6872,Cust_1680,10984.05,0.06,43,785.63,66.67,0.61
Ord_1592,Prod_17,SHP_2200,Cust_494,1673.53,0,32,524.73,10.17,0.37
Ord_1313,Prod_8,SHP_1809,Cust_494,341.36,0.09,41,-52.48,3.62,0.61
Ord_1386,Prod_10,SHP_1913,Cust_494,1992.45,0.05,40,-1609.92,54.11,0.69
Ord_1592,Prod_11,SHP_2201,Cust_494,7110.24,0.06,32,-536.17,69.64,0.72
Ord_4098,Prod_6,SHP_5710,Cust_1398,317.06,0.05,32,105.47,2.06,0.39
Ord_4012,Prod_12,SHP_5583,Cust_1381,66.09,0.09,23,13.71,0.99,0.36
Ord_4015,Prod_4,SHP_5589,Cust_1381,4617.336,0.09,46,978.35,7.69,0.58
Ord_4013,Prod_4,SHP_5585,Cust_1381,1753.958,0.06,31,382.39,5.92,0.55
Ord_4109,Prod_6,SHP_5724,Cust_1381,10.59,0.1,1,-4.31,2.15,0.4
Ord_4067,Prod_13,SHP_5673,Cust_1381,123.06,0.07,44,3.5,1.34,0.45
Ord_4082,Prod_4,SHP_5691,Cust_1381,586.619,0.06,20,83.07,1.1,0.55
Ord_4015,Prod_6,SHP_5589,Cust_1381,236.99,0.06,35,-95.79,6.74,0.37
Ord_4013,Prod_11,SHP_5584,Cust_1381,1597.37,0.02,10,-533.69,80.2,0.71
Ord_4101,Prod_5,SHP_5714,Cust_1381,524.25,0.06,23,152.31,8.99,0.41
Ord_1017,Prod_5,SHP_1407,Cust_384,433.44,0.1,29,147.46,3.73,0.46
Ord_1028,Prod_9,SHP_1421,Cust_384,407.17,0.04,36,-12.82,6.97,0.35
Ord_1028,Prod_11,SHP_1420,Cust_384,10006.28,0.1,36,-760.98,61.76,0.78
Ord_939,Prod_8,SHP_1300,Cust_304,1031.06,0.03,9,39.36,1.99,0.49
Ord_890,Prod_4,SHP_1225,Cust_304,1829.387,0.02,32,482.45,3.9,0.55
Ord_937,Prod_4,SHP_1296,Cust_304,7452.137,0.02,43,2028.36,5.99,0.59
Ord_919,Prod_13,SHP_1270,Cust_304,76.42,0.02,12,20.44,0.83,0.49
Ord_919,Prod_5,SHP_1267,Cust_304,451.32,0.04,42,1.16,5.16,0.57
Ord_919,Prod_2,SHP_1268,Cust_304,217.66,0.1,15,-24.91,6.75,0.52
Ord_881,Prod_9,SHP_1210,Cust_304,430.88,0.05,40,39,5.25,0.36
Ord_890,Prod_13,SHP_1224,Cust_304,129.44,0.02,46,-5.54,1.3,0.59
Ord_919,Prod_2,SHP_1269,Cust_304,1374.67,0.08,5,-126.34,23.19,0.59
Ord_4836,Prod_4,SHP_6742,Cust_1669,4509.3775,0.01,44,1426.26,5.26,0.57
Ord_4858,Prod_8,SHP_6778,Cust_1669,371.95,0.07,47,-87.4,2.83,0.77
Ord_4854,Prod_3,SHP_6774,Cust_1669,44.45,0.01,2,-17.46,1.49,0.35
Ord_2897,Prod_8,SHP_6825,Cust_1669,813.41,0.09,31,284.65,1.99,0.4
Ord_4852,Prod_11,SHP_6772,Cust_1669,2665.64,0.1,10,-107.49,35.67,0.66
Ord_4936,Prod_8,SHP_6887,Cust_1669,206.34,0.04,24,-38.23,3.62,0.61
Ord_4917,Prod_9,SHP_6857,Cust_1669,157.49,0.02,14,62.54,1.39,0.35
Ord_4948,Prod_17,SHP_6904,Cust_1669,6776.92,0,21,1395.02,26.53,0.56
Ord_2873,Prod_2,SHP_3957,Cust_1052,451.44,0.1,6,-35.19,13.99,0.52
Ord_2859,Prod_12,SHP_3935,Cust_1052,116.37,0.04,27,57.63,0.5,0.38
Ord_2848,Prod_8,SHP_3919,Cust_1052,1379.34,0.04,33,-470.85,19.99,0.77
Ord_2873,Prod_16,SHP_3957,Cust_1052,138.55,0.03,16,0.9,2.64,0.59
Ord_2897,Prod_5,SHP_3998,Cust_1052,306.02,0.08,27,-6.7,6.2,0.52
Ord_2848,Prod_5,SHP_3920,Cust_1052,168.25,0.09,6,101.78,6.93,0.49
Ord_4918,Prod_6,SHP_6860,Cust_1675,156.5,0.01,23,-49.6,6,0.37
Ord_4888,Prod_8,SHP_6819,Cust_1675,877.81,0.02,17,-44.4,19.99,0.45
Ord_4844,Prod_8,SHP_6762,Cust_1675,255.74,0.07,30,37.09,1.99,0.49
Ord_4889,Prod_4,SHP_6820,Cust_1675,90.9415,0.05,5,-109.42,3.3,0.81
Ord_4841,Prod_10,SHP_6750,Cust_1675,11764.25,0.04,13,2322.44,44.55,0.62
Ord_4841,Prod_5,SHP_6751,Cust_1675,25.17,0.09,4,5.88,5.26,0.42
Ord_4918,Prod_14,SHP_6858,Cust_1675,10134.55,0.08,17,-597.21,24.49,0.37
Ord_4919,Prod_3,SHP_6861,Cust_1675,157.51,0.01,8,46.48,1.49,0.35
Ord_4919,Prod_13,SHP_6862,Cust_1675,97.78,0.09,33,-31.22,2.03,0.57
Ord_4841,Prod_6,SHP_6752,Cust_1675,208.47,0.01,29,-125.6,8.74,0.36
Ord_4856,Prod_12,SHP_6776,Cust_1675,29.79,0.01,10,3.76,0.99,0.36
Ord_4918,Prod_5,SHP_6859,Cust_1675,1765.64,0.08,46,108.65,14.45,0.57
Ord_4849,Prod_5,SHP_6767,Cust_1675,79.68,0.06,10,18.24,3.68,0.52
Ord_3439,Prod_12,SHP_7156,Cust_1727,125.33,0.06,37,58.5,0.5,0.37
Ord_3439,Prod_2,SHP_7155,Cust_1727,9362.73,0,39,2766.29,19.99,0.59
Ord_5085,Prod_13,SHP_7100,Cust_1727,108.15,0.09,41,7.57,0.7,0.56
Ord_3515,Prod_8,SHP_4867,Cust_1250,45.24,0.01,8,-42.12,4.62,0.64
Ord_3450,Prod_8,SHP_4783,Cust_1250,157.42,0.05,9,-18.68,1.99,0.45
Ord_3439,Prod_7,SHP_4767,Cust_1250,99.65,0.01,37,27,0.8,0.39
Ord_3515,Prod_13,SHP_4868,Cust_1250,148.05,0.08,7,-45.94,8.99,0.59
Ord_3450,Prod_15,SHP_4782,Cust_1250,601.57,0.09,10,-247.25,30,0.7
Ord_3517,Prod_6,SHP_4870,Cust_1257,1638.2,0.1,31,471.22,13.88,0.36
Ord_3517,Prod_3,SHP_4870,Cust_1257,154.62,0.04,27,-118.6,6.98,0.39
Ord_2571,Prod_10,SHP_3521,Cust_989,6130.9,0.03,35,583.15,35.89,0.66
Ord_2571,Prod_4,SHP_3522,Cust_989,193.205,0,10,-52.24,4.81,0.58
Ord_2578,Prod_1,SHP_3532,Cust_992,840.04,0.04,47,-131.27,9.47,0.59
Ord_2657,Prod_4,SHP_3635,Cust_992,474.793,0.09,5,-407.26,2.5,0.58
Ord_2698,Prod_1,SHP_3694,Cust_992,4322.26,0.07,26,-618.95,35,0.85
Ord_2804,Prod_4,SHP_3859,Cust_992,664.989,0.04,21,170.46,5.99,0.38
Ord_2698,Prod_5,SHP_3693,Cust_992,1818.76,0.02,39,843.12,6.77,0.44
Ord_2654,Prod_6,SHP_3631,Cust_992,495.1,0.04,9,110.36,10.75,0.36
Ord_2577,Prod_15,SHP_3531,Cust_992,5437.92,0,33,-684.57,60.2,0.77
Ord_2671,Prod_3,SHP_3658,Cust_992,7406.49,0.03,4,701.22,19.99,0.36
Ord_2681,Prod_13,SHP_3670,Cust_992,6.75,0.08,1,-2.31,1,0.38
Ord_2681,Prod_13,SHP_3670,Cust_992,856.45,0.03,43,265.1,4.1,0.44
Ord_2826,Prod_3,SHP_3888,Cust_992,273.44,0.01,11,-35.62,15.1,0.38
Ord_2671,Prod_6,SHP_3659,Cust_992,350.01,0.04,50,-133.43,6.93,0.37
Ord_2699,Prod_11,SHP_3695,Cust_1032,1251.18,0.05,37,-1756.44,45.51,0.65
Ord_1371,Prod_1,SHP_1889,Cust_528,883.15,0.01,39,-1148.19,35,0.84
Ord_1432,Prod_8,SHP_1982,Cust_528,3596.36,0,47,326.25,12.14,0.67
Ord_1452,Prod_4,SHP_2006,Cust_528,4587.926,0.1,30,687.41,4.2,0.6
Ord_1371,Prod_6,SHP_1889,Cust_528,81.43,0.08,12,-44.66,7.03,0.37
Ord_1452,Prod_4,SHP_2007,Cust_528,4541.924,0.01,42,1222.14,8.08,0.57
Ord_3563,Prod_6,SHP_4933,Cust_1275,200.24,0,30,-59.85,5.84,0.37
Ord_3557,Prod_6,SHP_4925,Cust_1275,169.48,0.03,17,48.55,2.27,0.36
Ord_3579,Prod_8,SHP_4955,Cust_1272,58.63,0,3,-40.86,1.99,0.45
Ord_3546,Prod_17,SHP_4909,Cust_1272,3449.26,0.1,46,252.77,30.06,0.4
Ord_3579,Prod_1,SHP_4956,Cust_1272,94.99,0.06,13,-106.29,9.69,0.83
Ord_4291,Prod_4,SHP_5986,Cust_1439,3492.6585,0.08,49,1181.81,0.99,0.55
Ord_4242,Prod_5,SHP_5922,Cust_1439,885.23,0.03,21,78.98,18.98,0.57
Ord_4304,Prod_2,SHP_6007,Cust_1439,1055.98,0.07,48,204.58,5.94,0.5
Ord_4294,Prod_13,SHP_5991,Cust_1439,180.56,0.1,46,-15.79,1.6,0.58
Ord_4291,Prod_12,SHP_5985,Cust_1439,173.08,0.04,36,81.63,0.5,0.36
Ord_4292,Prod_6,SHP_5989,Cust_1439,102.61,0.09,20,-92.01,7.44,0.36
Ord_4292,Prod_9,SHP_5987,Cust_1439,453.09,0.09,13,107.74,6.66,0.4
Ord_4242,Prod_9,SHP_5921,Cust_1439,68.46,0.02,11,-22.48,5.3,0.35
Ord_4292,Prod_5,SHP_5988,Cust_1439,2758.22,0,15,966.81,13.99,0.75
Ord_4298,Prod_11,SHP_5999,Cust_1453,2844.64,0.03,17,16.47,60,0.55
Ord_4285,Prod_4,SHP_5979,Cust_1453,1506.8375,0.07,13,-75.01,4.2,0.59
Ord_4286,Prod_5,SHP_5980,Cust_1453,185.83,0.03,13,58.16,5,0.49
Ord_4316,Prod_17,SHP_6021,Cust_1453,5699.22,0.09,46,2812.63,13.99,0.38
Ord_4298,Prod_13,SHP_5998,Cust_1453,456.03,0.02,38,-61.61,5.81,0.6
Ord_1824,Prod_3,SHP_2518,Cust_629,215.31,0.09,14,-51.75,10.91,0.36
Ord_1839,Prod_7,SHP_2533,Cust_629,19.36,0.04,7,-1,0.7,0.83
Ord_1849,Prod_3,SHP_2543,Cust_629,25.09,0.07,2,-17.6,8.94,0.4
Ord_1999,Prod_3,SHP_2732,Cust_756,127.17,0.1,23,-108.13,6.98,0.39
Ord_2011,Prod_4,SHP_2750,Cust_756,324.3175,0.03,10,-169.74,5,0.85
Ord_2011,Prod_6,SHP_2749,Cust_756,61.5,0.09,16,-16.27,2.97,0.35
Ord_1999,Prod_15,SHP_4122,Cust_1099,2573.29,0.04,20,-896.94,70.2,0.74
Ord_2315,Prod_13,SHP_3172,Cust_859,39.13,0.1,23,-23.14,1.57,0.59
Ord_1839,Prod_4,SHP_3155,Cust_859,1204.5095,0.03,26,-221.25,5,0.83
Ord_2229,Prod_13,SHP_3030,Cust_859,13.71,0.03,3,-10.27,3.97,0.56
Ord_1999,Prod_10,SHP_4122,Cust_1502,2645.88,0.06,27,-1231.98,57.38,0.78
Ord_4390,Prod_7,SHP_6120,Cust_1502,40.85,0.09,16,6.46,0.8,0.39
Ord_641,Prod_12,SHP_875,Cust_212,116.56,0.04,23,50.66,0.49,0.39
Ord_662,Prod_4,SHP_906,Cust_212,5067.5725,0.09,50,1275.91,8.99,0.55
Ord_644,Prod_15,SHP_880,Cust_212,2722.85,0.08,24,-112.62,30,0.69
Ord_641,Prod_3,SHP_874,Cust_212,32.35,0.08,16,-63.19,4.79,0.37
Ord_602,Prod_10,SHP_824,Cust_212,3081.95,0.1,24,-662.8,54.74,0.69
Ord_674,Prod_8,SHP_921,Cust_212,604.38,0.09,22,167.58,1.99,0.4
Ord_654,Prod_3,SHP_894,Cust_212,53.14,0,8,-41.26,7.78,0.37
Ord_662,Prod_5,SHP_905,Cust_212,773.44,0.08,41,133.83,6.67,0.49
Ord_662,Prod_8,SHP_904,Cust_212,346.42,0.05,22,67.96,1.99,0.42
Ord_642,Prod_4,SHP_876,Cust_212,117.062,0.09,7,-63.7,0.99,0.57
Ord_644,Prod_6,SHP_881,Cust_212,851.52,0.08,19,307.64,5.86,0.37
Ord_663,Prod_15,SHP_907,Cust_212,2245.78,0.05,31,-432.46,30,0.73
Ord_662,Prod_6,SHP_906,Cust_212,881.84,0,43,153.8,9.03,0.37
Ord_602,Prod_3,SHP_823,Cust_212,113.75,0,25,-77.34,5.34,0.38
Ord_644,Prod_8,SHP_881,Cust_212,59.93,0.09,2,-147.81,4,0.75
Ord_674,Prod_4,SHP_922,Cust_212,2404.599,0.08,45,496.89,4.99,0.58
Ord_4869,Prod_3,SHP_6794,Cust_1682,43.23,0,9,-29.53,5.26,0.38
Ord_4946,Prod_6,SHP_6900,Cust_1682,236.19,0.06,36,-76.92,5.94,0.37
Ord_4904,Prod_6,SHP_6840,Cust_1682,109.29,0.08,21,-77.08,6.26,0.4
Ord_4946,Prod_6,SHP_6902,Cust_1682,854.14,0.01,45,94,9.03,0.37
Ord_4883,Prod_8,SHP_6813,Cust_1682,220.47,0.04,43,-135.16,4.62,0.64
Ord_4946,Prod_2,SHP_6900,Cust_1682,1811.55,0.09,24,512.69,0.99,0.57
Ord_4883,Prod_15,SHP_6813,Cust_1682,9312.52,0.01,41,3039.37,18.06,0.57
Ord_4904,Prod_1,SHP_6841,Cust_1682,2257.88,0.01,38,474.98,9.71,0.57
Ord_4946,Prod_1,SHP_6900,Cust_1682,159.5,0.09,5,-57.98,6.72,0.75
Ord_4901,Prod_4,SHP_6835,Cust_1682,1415.148,0.02,29,-64.94,5,0.8
Ord_4895,Prod_6,SHP_6828,Cust_1682,225.45,0.02,34,-193.39,9.54,0.37
Ord_4946,Prod_6,SHP_6901,Cust_1682,49.08,0.06,13,-0.31,1.93,0.35
Ord_1802,Prod_17,SHP_2495,Cust_611,799.98,0.04,9,15.36,14,0.36
Ord_1801,Prod_5,SHP_2494,Cust_611,461.55,0.09,14,-12,19.99,0.55
Ord_1842,Prod_3,SHP_2536,Cust_611,4115.74,0.1,36,1719.47,9.07,0.35
Ord_1802,Prod_11,SHP_2495,Cust_680,363.57,0.02,7,33.99,46.59,0.67
Ord_1935,Prod_2,SHP_2651,Cust_680,58.44,0.05,4,-7.04,4.5,0.59
Ord_1801,Prod_3,SHP_2731,Cust_680,418.82,0.02,48,-60.21,6.19,0.38
Ord_2839,Prod_17,SHP_3905,Cust_1048,14383.83,0.01,37,5050.1,12.06,0.56
Ord_2839,Prod_5,SHP_3904,Cust_1048,3491.06,0.09,27,921.7,24.49,0.59
Ord_2226,Prod_6,SHP_3026,Cust_857,20.16,0.06,2,-13.32,7.86,0.37
Ord_243,Prod_15,SHP_337,Cust_101,4273.8,0.06,36,-1775.83,70.2,0.74
Ord_164,Prod_8,SHP_221,Cust_101,538.22,0.01,48,-154.66,6.5,0.64
Ord_2,Prod_3,SHP_3,Cust_2,244.57,0.01,27,46.71,2.99,0.39
Ord_2,Prod_2,SHP_2,Cust_2,10123.02,0.07,49,457.81,68.02,0.58
Ord_2146,Prod_13,SHP_2927,Cust_783,190.99,0.1,21,-27.15,4.82,0.47
Ord_2155,Prod_4,SHP_2939,Cust_783,1094.9105,0.02,34,-112.12,5,0.85
Ord_2135,Prod_15,SHP_2913,Cust_783,14861.07,0.1,32,3408.29,26,0.6
Ord_2155,Prod_15,SHP_2937,Cust_783,4506.85,0.1,30,290.66,30,0.62
Ord_2135,Prod_3,SHP_2912,Cust_783,307.57,0,47,-72.3,5.19,0.38
Ord_2157,Prod_10,SHP_2941,Cust_783,1617.91,0.04,16,-159.21,35.84,0.62
Ord_2179,Prod_6,SHP_2969,Cust_783,725.8,0.01,47,327.45,1.97,0.39
Ord_2122,Prod_15,SHP_2898,Cust_783,12612.66,0.06,37,3325.03,39,0.55
Ord_2155,Prod_17,SHP_2938,Cust_783,2110.37,0,16,-14.42,56.14,0.39
Ord_2116,Prod_11,SHP_2892,Cust_783,8246.86,0.06,46,-433.29,29.21,0.74
Ord_2165,Prod_9,SHP_2951,Cust_783,561.06,0.07,49,-2.23,6.97,0.35
Ord_2165,Prod_1,SHP_2952,Cust_783,320.03,0,19,-43.22,8.78,0.57
Ord_2069,Prod_4,SHP_2832,Cust_783,2135.9735,0.07,40,239.4,8.99,0.59
Ord_2113,Prod_17,SHP_2889,Cust_805,3008.5,0.05,33,1101.9,14,0.36
Ord_2150,Prod_4,SHP_2932,Cust_805,2773.0315,0.04,38,897.87,0.99,0.55
Ord_2150,Prod_8,SHP_2931,Cust_805,157.85,0.01,18,10.74,1.99,0.52
Ord_2134,Prod_3,SHP_2911,Cust_805,165.09,0,10,-8.59,8.4,0.39
Ord_2118,Prod_4,SHP_2894,Cust_805,1260.2015,0.03,7,-523,8.99,0.6
Ord_2151,Prod_6,SHP_2933,Cust_805,304.65,0.1,14,24.2,8.32,0.39
Ord_2118,Prod_2,SHP_2894,Cust_805,1082.8,0.02,22,299.35,3.99,0.56
Ord_2141,Prod_11,SHP_2920,Cust_805,2638.79,0.1,37,54.23,89.3,0.69
Ord_4826,Prod_6,SHP_6725,Cust_1588,303.07,0.02,44,-238.45,9.68,0.36
Ord_4826,Prod_13,SHP_6724,Cust_1588,1661.8,0.07,48,202.68,13.89,0.41
Ord_4826,Prod_3,SHP_6724,Cust_1588,2168.05,0,5,416.02,19.99,0.35
Ord_4631,Prod_5,SHP_6450,Cust_1588,208.77,0.03,43,-144.24,5.72,0.47
Ord_4815,Prod_3,SHP_6710,Cust_1588,178.92,0.09,24,-56.11,6.16,0.35
Ord_4569,Prod_6,SHP_6357,Cust_1511,278.07,0.08,48,-71.45,4.96,0.36
Ord_4407,Prod_17,SHP_6143,Cust_1511,168.9,0.09,15,-16.19,6.24,0.36
Ord_4705,Prod_17,SHP_6566,Cust_1592,21320.58,0.09,27,5381.02,16.06,0.56
Ord_4771,Prod_15,SHP_6655,Cust_1592,6767.43,0.05,22,803.48,58.95,0.57
Ord_4635,Prod_3,SHP_6455,Cust_1592,141.2,0.05,21,-74.44,6.97,0.36
Ord_4720,Prod_6,SHP_6587,Cust_1592,793.85,0.01,21,308.53,5.08,0.38
Ord_70,Prod_3,SHP_94,Cust_54,339.81,0.05,8,79.59,2.99,0.39
Ord_43,Prod_8,SHP_2587,Cust_672,150.77,0.01,7,-72.23,4,0.68
Ord_51,Prod_9,SHP_67,Cust_34,751.77,0.05,50,353.2,1.39,0.38
Ord_43,Prod_16,SHP_56,Cust_34,9620.82,0.04,6,-1759.58,24.49,0.81
Ord_4536,Prod_1,SHP_6313,Cust_1551,238.76,0.1,2,-235.21,35,0.82
Ord_4634,Prod_1,SHP_6454,Cust_1591,628.33,0.09,48,-226.62,9.37,0.56
Ord_4634,Prod_15,SHP_6453,Cust_1591,1770.7,0.05,6,-448.25,57,0.78
Ord_2311,Prod_6,SHP_3167,Cust_908,143.29,0.05,29,-55.54,4.72,0.36
Ord_2302,Prod_8,SHP_3150,Cust_908,436.78,0.04,14,25.69,5.5,0.51
Ord_4333,Prod_1,SHP_6040,Cust_1458,528.5,0.04,33,-149.92,10.68,0.58
Ord_4333,Prod_5,SHP_6040,Cust_1458,184.86,0.09,25,-33.95,5.21,0.56
Ord_4333,Prod_6,SHP_6040,Cust_1458,267.85,0.04,44,-65.43,5.15,0.36
Ord_2114,Prod_8,SHP_2890,Cust_806,195.83,0.04,24,10.79,1.99,0.52
Ord_2186,Prod_3,SHP_2981,Cust_819,1024.31,0.03,31,174.72,12.62,0.37
Ord_956,Prod_16,SHP_1324,Cust_346,503.17,0.01,46,-10.21,4.68,0.59
Ord_975,Prod_16,SHP_1345,Cust_346,638.91,0.02,49,77.48,3.14,0.6
Ord_986,Prod_3,SHP_1360,Cust_363,77.57,0,19,-67.49,5.47,0.37
Ord_1026,Prod_17,SHP_1417,Cust_363,15602.93,0,48,4875.89,26.53,0.56
Ord_1022,Prod_4,SHP_1412,Cust_363,2011.6355,0.01,12,-53.69,3.99,0.59
Ord_293,Prod_4,SHP_395,Cust_78,64.0305,0.06,9,-58.34,5.03,0.6
Ord_114,Prod_15,SHP_155,Cust_78,3316.08,0.08,27,-514.32,30,0.78
Ord_131,Prod_1,SHP_178,Cust_78,817.18,0.1,16,103.38,5.08,0.59
Ord_131,Prod_5,SHP_177,Cust_78,1049.79,0.08,21,135.79,19.99,0.55
Ord_1240,Prod_8,SHP_1713,Cust_474,187.14,0.02,21,21.07,1.99,0.52
Ord_1240,Prod_8,SHP_1714,Cust_474,385.7,0,12,-109.91,6.5,0.79
Ord_1240,Prod_5,SHP_1715,Cust_474,1048.39,0.06,46,206.56,7.58,0.51
Ord_2054,Prod_4,SHP_2808,Cust_754,6618.457,0.1,40,1489.96,5.99,0.59
Ord_1998,Prod_11,SHP_2729,Cust_754,4212.752,0.06,18,-715.78,54.12,0.76
Ord_2988,Prod_14,SHP_4132,Cust_1105,9262.35,0.09,47,2787.59,24.49,0.46
Ord_2054,Prod_2,SHP_2808,Cust_828,2192.63,0.05,37,660.06,3.99,0.57
Ord_1998,Prod_8,SHP_2995,Cust_828,1003.71,0.01,33,-22.82,4,0.78
Ord_5187,Prod_17,SHP_7250,Cust_1746,15703.82,0.06,20,3055.72,16.06,0.56
Ord_5163,Prod_4,SHP_7215,Cust_1746,953.0455,0.02,31,298.47,5.99,0.38
Ord_5187,Prod_15,SHP_7249,Cust_1746,7789.63,0.08,40,1774.53,23.76,0.58
Ord_5154,Prod_15,SHP_7203,Cust_1746,1124.3,0.1,47,-335.22,14.36,0.6
Ord_5241,Prod_9,SHP_7320,Cust_1746,55.66,0.09,10,8.82,1.39,0.38
Ord_5178,Prod_3,SHP_7235,Cust_1746,42.29,0.06,17,-85.27,6.05,0.37
Ord_5154,Prod_4,SHP_7204,Cust_1746,2610.894,0,23,516.19,5.63,0.6
Ord_5142,Prod_5,SHP_7184,Cust_1746,17.06,0.09,2,-5.2,5.29,0.43
Ord_5187,Prod_7,SHP_7251,Cust_1746,140.69,0.06,31,-14.54,0.7,0.85
Ord_5240,Prod_11,SHP_7319,Cust_1746,246.2,0.04,3,-184.16,89.3,0.72
Ord_5154,Prod_12,SHP_7204,Cust_1746,43.57,0.09,11,6.7,0.99,0.39
Ord_5220,Prod_17,SHP_7293,Cust_1746,10994.74,0.09,30,3612.58,48.26,0.36
Ord_2747,Prod_6,SHP_3769,Cust_1017,18.81,0.08,2,-12.83,7.96,0.36
Ord_2666,Prod_4,SHP_3652,Cust_1017,2368.168,0,30,1181.3,1.25,0.39
Ord_2734,Prod_5,SHP_3750,Cust_1017,253.6,0.07,34,24.39,4,0.42
Ord_2623,Prod_2,SHP_3589,Cust_1017,187.92,0.08,46,-2149.8,49,0.56
Ord_2734,Prod_2,SHP_3749,Cust_1017,96.73,0.08,12,-83.65,9.23,0.58
Ord_2727,Prod_6,SHP_3738,Cust_1017,52.76,0.09,10,-49.53,7.44,0.36
Ord_1838,Prod_4,SHP_2532,Cust_642,1514.9635,0.02,26,310.19,4.99,0.57
Ord_1985,Prod_13,SHP_2713,Cust_748,22.19,0.01,6,-3.51,1.86,0.41
Ord_2035,Prod_11,SHP_2782,Cust_748,367.53,0.03,23,11.65,27.75,0.76
Ord_2218,Prod_13,SHP_4110,Cust_1086,13.53,0.07,1,-6.73,2.36,0.55
Ord_2218,Prod_4,SHP_3017,Cust_849,5008.761,0.04,49,1601.64,5.99,0.57
Ord_1838,Prod_8,SHP_3153,Cust_849,6943.94,0.01,46,608.9,4,0.79
Ord_2233,Prod_1,SHP_3034,Cust_849,173.97,0.03,12,-2.55,4.51,0.59
Ord_2364,Prod_5,SHP_3246,Cust_939,4629.67,0.04,45,2860.71,8.99,0.35
Ord_2385,Prod_16,SHP_3273,Cust_939,138.84,0,15,8.75,2.64,0.59
Ord_2522,Prod_6,SHP_3455,Cust_939,187.13,0.02,31,-60.83,5.46,0.36
Ord_2477,Prod_11,SHP_3394,Cust_939,20596.58,0.09,39,-1331.55,64.59,0.66
Ord_2375,Prod_3,SHP_3262,Cust_939,3581.52,0.07,3,-408.22,19.99,0.35
Ord_2375,Prod_12,SHP_3263,Cust_939,90.15,0.07,13,33.05,0.49,0.38
Ord_2348,Prod_12,SHP_3223,Cust_939,117.4,0.01,41,48.63,0.5,0.36
Ord_2492,Prod_9,SHP_3416,Cust_939,258.74,0.05,23,10.8,5.72,0.35
Ord_4243,Prod_8,SHP_5923,Cust_1440,229.35,0.08,46,-165.45,4.93,0.66
Ord_4307,Prod_16,SHP_6011,Cust_1440,395.37,0.07,37,17.15,3.37,0.57
Ord_4264,Prod_6,SHP_5953,Cust_1440,151.09,0.02,29,4.59,3.01,0.36
Ord_4279,Prod_8,SHP_5970,Cust_1440,1516.82,0.1,39,-83.28,6.5,0.74
Ord_4243,Prod_6,SHP_5924,Cust_1440,294.86,0.07,45,-141.12,6.92,0.37
Ord_4322,Prod_17,SHP_6027,Cust_1440,15152.55,0.05,34,7719.21,28.14,0.38
Ord_4279,Prod_1,SHP_5971,Cust_1440,2752.68,0.04,45,430.32,12.78,0.58
Ord_4269,Prod_2,SHP_5958,Cust_1440,2405,0.1,39,696.17,0.99,0.58
Ord_4328,Prod_16,SHP_6033,Cust_1440,103.03,0.07,49,-82.63,2.56,0.55
Ord_2961,Prod_11,SHP_4082,Cust_1071,340.7,0.05,21,11.65,27.75,0.76
Ord_2917,Prod_4,SHP_4028,Cust_1071,2251.497,0.09,43,308.93,8.99,0.56
Ord_2947,Prod_6,SHP_4066,Cust_1071,53.29,0.01,7,-28.88,7.49,0.37
Ord_2941,Prod_4,SHP_4060,Cust_1071,107.95,0.04,1,-506.31,8.99,0.59
Ord_4270,Prod_4,SHP_5960,Cust_1450,373.2775,0.07,7,-204.93,5.26,0.56
Ord_4270,Prod_7,SHP_5959,Cust_1450,3.23,0.06,2,-2.73,0.7,0.81
Ord_4270,Prod_1,SHP_5959,Cust_1450,2861.66,0.04,36,-921.68,35,0.81
Ord_4284,Prod_1,SHP_5978,Cust_1450,990.67,0.08,9,-365.32,35,0.82
Ord_4261,Prod_11,SHP_5949,Cust_1450,1959.92,0.07,16,-374.96,51.94,0.63
Ord_4293,Prod_8,SHP_5990,Cust_1450,416.39,0.06,18,119.47,1.99,0.43
Ord_4748,Prod_6,SHP_6621,Cust_1580,66.83,0,13,23.16,0.8,0.36
Ord_4664,Prod_6,SHP_6500,Cust_1580,294.13,0.01,43,-123.07,6.92,0.37
Ord_4623,Prod_4,SHP_6438,Cust_1580,1961.7915,0.05,34,425.75,5.99,0.58
Ord_2003,Prod_4,SHP_2737,Cust_758,2514.5125,0.04,46,601.65,4.99,0.57
Ord_2004,Prod_4,SHP_2739,Cust_758,2435.5135,0.08,24,315.49,4.2,0.59
Ord_2003,Prod_4,SHP_4107,Cust_1079,3988.0895,0.02,38,969.86,4.2,0.59
Ord_2972,Prod_2,SHP_4100,Cust_1079,7871.91,0.05,24,541.47,91.05,0.57
Ord_2976,Prod_10,SHP_4108,Cust_1079,3400.63,0.08,48,-892.79,46.74,0.56
Ord_2266,Prod_11,SHP_3088,Cust_886,5202.896,0.02,22,-715.78,54.12,0.76
Ord_2003,Prod_15,SHP_3082,Cust_886,2202.45,0.01,7,-51.28,69.55,0.6
Ord_4581,Prod_11,SHP_6375,Cust_1559,12685.544,0.02,45,3985.11,40.19,0.62
Ord_4746,Prod_5,SHP_6618,Cust_1622,863.26,0.09,46,229.6,6.15,0.44
Ord_4764,Prod_7,SHP_6644,Cust_1622,38.88,0.09,22,-18.57,1.56,0.49
Ord_4683,Prod_6,SHP_6533,Cust_1622,1311.68,0.03,31,230.37,17.48,0.36
Ord_4764,Prod_6,SHP_6643,Cust_1622,32.69,0,5,-24.43,7.54,0.38
Ord_4764,Prod_5,SHP_6643,Cust_1622,4846.68,0.04,42,820.94,13.99,0.69
Ord_1891,Prod_13,SHP_2597,Cust_682,157.87,0,46,-115.8,3.97,0.56
Ord_1902,Prod_3,SHP_2608,Cust_682,149.7,0.05,26,-132.63,7.78,0.37
Ord_1902,Prod_4,SHP_2745,Cust_682,728.127,0.02,41,49.79,4.81,0.58
Ord_4051,Prod_6,SHP_5646,Cust_1391,109.86,0.02,24,-63.87,5.17,0.4
Ord_4057,Prod_9,SHP_5656,Cust_1391,305.68,0.1,19,128.17,1.39,0.4
Ord_4051,Prod_4,SHP_5647,Cust_1391,1426.5125,0.04,19,-175.18,0.99,0.85
Ord_4031,Prod_16,SHP_5613,Cust_1391,171.5,0.02,16,-20.41,4.68,0.59
Ord_4051,Prod_10,SHP_5645,Cust_1391,9539.6,0.02,45,-163.63,55.96,0.75
Ord_4054,Prod_4,SHP_5651,Cust_1391,1561.2205,0.09,36,-226.82,2.5,0.83
Ord_4031,Prod_6,SHP_5612,Cust_1391,272.01,0.01,40,-42.45,5.14,0.37
Ord_4057,Prod_5,SHP_5657,Cust_1391,1901.29,0.08,41,870.8,6.77,0.44
Ord_56,Prod_6,SHP_73,Cust_41,270.84,0.1,41,-78.02,5.86,0.36
Ord_224,Prod_4,SHP_312,Cust_41,999.226,0.02,33,381.17,3.3,0.39
Ord_56,Prod_5,SHP_73,Cust_41,3389.93,0.08,35,737.94,21.26,0.59
Ord_56,Prod_6,SHP_74,Cust_41,266.36,0.07,42,-191.28,8.19,0.37
Ord_56,Prod_7,SHP_75,Cust_41,89.41,0.01,46,-21.49,0.76,0.83
Ord_251,Prod_4,SHP_347,Cust_41,1062.959,0.07,15,298.48,2.5,0.35
Ord_56,Prod_3,SHP_73,Cust_39,24.16,0.08,5,8.05,1.49,0.37
Ord_52,Prod_2,SHP_68,Cust_39,1003.06,0.03,37,271.78,5.37,0.5
Ord_287,Prod_5,SHP_388,Cust_67,1323.67,0.04,12,630.28,5.81,0.65
Ord_132,Prod_5,SHP_179,Cust_67,465.83,0.1,49,-79.72,6.22,0.55
Ord_289,Prod_3,SHP_390,Cust_67,51.21,0,2,-27.53,8.83,0.37
Ord_208,Prod_6,SHP_283,Cust_67,100.4,0.06,20,11.94,2.04,0.36
Ord_289,Prod_11,SHP_391,Cust_67,2195.55,0.01,20,-355.94,60,0.59
Ord_106,Prod_13,SHP_145,Cust_67,18.37,0.01,6,-4.06,1.2,0.58
Ord_248,Prod_3,SHP_343,Cust_67,18.92,0,1,-18.25,7.19,0.4
Ord_91,Prod_10,SHP_123,Cust_67,5350.61,0.09,34,-1059.2,60.49,0.69
Ord_106,Prod_5,SHP_145,Cust_67,1943.72,0.03,47,-1003.58,34.2,0.73
Ord_106,Prod_4,SHP_146,Cust_67,6175.777,0.07,49,1881.58,3.9,0.55
Ord_220,Prod_13,SHP_306,Cust_67,217.25,0.07,39,33.5,1.2,0.55
Ord_194,Prod_1,SHP_262,Cust_67,789.01,0.07,2,-539.59,11.37,0.57
Ord_208,Prod_16,SHP_284,Cust_67,327.15,0.04,19,47.3,3.26,0.56
Ord_220,Prod_11,SHP_307,Cust_67,5993.74,0.07,28,-998.94,69.64,0.77
Ord_37,Prod_6,SHP_49,Cust_28,129.62,0.05,22,4.41,3.04,0.36
Ord_2886,Prod_4,SHP_3981,Cust_1065,1063.35,0.07,19,107.08,5.26,0.56
Ord_2886,Prod_3,SHP_3980,Cust_1065,154.61,0.06,28,-82.82,5.63,0.39
Ord_132,Prod_3,SHP_3976,Cust_1065,515.37,0.04,20,9.82,12.98,0.39
Ord_334,Prod_5,SHP_447,Cust_126,113.85,0.06,26,-93.93,6.6,0.49
Ord_334,Prod_8,SHP_446,Cust_126,266.94,0.09,10,19.2,1.99,0.4
Ord_1153,Prod_3,SHP_1587,Cust_444,356.95,0.08,1,-228.24,19.99,0.38
Ord_1179,Prod_12,SHP_1625,Cust_444,23.84,0.02,7,5.88,0.5,0.37
Ord_1153,Prod_6,SHP_1588,Cust_444,2063.42,0.03,38,989.95,5.15,0.36
Ord_1174,Prod_15,SHP_1620,Cust_444,9499.3,0.01,44,618.36,64.2,0.59
Ord_1156,Prod_4,SHP_1596,Cust_444,58.14,0.01,3,-96.25,4.81,0.58
Ord_1154,Prod_8,SHP_1589,Cust_444,116.82,0.02,24,-42.05,2.39,0.72
Ord_1157,Prod_8,SHP_1597,Cust_444,1538.33,0.03,39,471.35,1.99,0.54
Ord_1165,Prod_9,SHP_1607,Cust_444,45.64,0.08,2,-0.11,1.39,0.38
Ord_1156,Prod_5,SHP_1593,Cust_444,126.88,0.05,33,12.63,1.61,0.44
Ord_1153,Prod_8,SHP_1588,Cust_444,112.86,0.04,17,-56.78,4.07,0.66
Ord_1156,Prod_8,SHP_1595,Cust_444,882.96,0.06,45,11.65,4,0.68
Ord_1160,Prod_3,SHP_1602,Cust_444,270.73,0.1,32,-54.57,6.28,0.35
Ord_1190,Prod_3,SHP_1643,Cust_444,5347.13,0.08,44,1886.41,19.99,0.37
Ord_1156,Prod_3,SHP_1594,Cust_444,906.64,0.07,42,-148.93,15.1,0.38
Ord_1190,Prod_2,SHP_1642,Cust_444,21.45,0.01,1,-7.22,6.75,0.52
Ord_1154,Prod_16,SHP_1590,Cust_444,483.64,0.1,45,28.39,3.37,0.57
Ord_1167,Prod_6,SHP_1610,Cust_444,85.56,0.03,15,-41.58,5.66,0.4
Ord_1157,Prod_6,SHP_1598,Cust_444,147.46,0.06,39,14.13,1.93,0.35
Ord_1181,Prod_15,SHP_1628,Cust_444,7548.65,0.03,45,1385.35,30,0.62
Ord_1167,Prod_4,SHP_1611,Cust_444,754.6555,0.01,8,-212.55,2.5,0.57
Ord_1181,Prod_4,SHP_1629,Cust_444,1318.8685,0.03,24,172.33,3.99,0.59
Ord_1169,Prod_5,SHP_1614,Cust_443,388.15,0,18,-44.21,14.87,0.57
Ord_1193,Prod_3,SHP_1646,Cust_443,191.36,0.05,37,-82.09,4.97,0.38
Ord_1152,Prod_9,SHP_1586,Cust_443,1554.53,0,16,474.66,19.99,0.4
Ord_1169,Prod_8,SHP_1613,Cust_443,36.31,0.04,1,-74.45,5.5,0.51
Ord_826,Prod_4,SHP_1133,Cust_268,2744.361,0.01,16,201.03,8.99,0.6
Ord_829,Prod_6,SHP_1137,Cust_268,318.14,0.01,25,49.67,5.09,0.38
Ord_824,Prod_15,SHP_1131,Cust_268,3636.91,0,29,-1284.24,70.2,0.74
Ord_818,Prod_6,SHP_1124,Cust_268,573.97,0.05,29,55.82,9.54,0.37
Ord_818,Prod_6,SHP_1125,Cust_268,223.79,0.01,39,-89.88,5.66,0.4
Ord_1128,Prod_5,SHP_1556,Cust_435,196.41,0.01,9,27.91,11.17,0.6
Ord_1128,Prod_6,SHP_1555,Cust_435,186.67,0.02,9,2.06,8.68,0.37
Ord_1128,Prod_8,SHP_1555,Cust_435,185.79,0.02,5,-159.68,7.53,0.76
Ord_2529,Prod_2,SHP_3462,Cust_928,171.14,0.02,26,-1172.75,49,0.6
Ord_2347,Prod_12,SHP_3222,Cust_928,128.28,0.04,21,53.58,0.5,0.39
Ord_2447,Prod_1,SHP_3357,Cust_928,136.24,0.07,13,-81.77,9.45,0.6
Ord_1128,Prod_4,SHP_3481,Cust_928,2051.8235,0.01,36,350.36,8.8,0.58
Ord_2542,Prod_2,SHP_3480,Cust_928,120.38,0.09,6,-29.77,6.32,0.58
Ord_2331,Prod_15,SHP_3199,Cust_928,1679.58,0.01,5,-171.92,58.95,0.57
Ord_2460,Prod_5,SHP_3372,Cust_928,3610.85,0.04,36,2235.37,8.99,0.35
Ord_2403,Prod_17,SHP_3298,Cust_928,1253.89,0.09,5,-577.48,17.86,0.58
Ord_2421,Prod_4,SHP_3322,Cust_928,210.5025,0.04,3,-315.33,1.25,0.39
Ord_3910,Prod_8,SHP_5425,Cust_1354,129.18,0.04,8,-30.02,4,0.37
Ord_829,Prod_11,SHP_5406,Cust_1354,9501.624,0.07,43,-686.45,61.76,0.78
Ord_3910,Prod_6,SHP_5426,Cust_1354,1016.26,0.06,44,337.97,5.47,0.39
Ord_2782,Prod_8,SHP_3822,Cust_1008,536.83,0.06,31,161.37,1.99,0.45
Ord_2766,Prod_5,SHP_3796,Cust_1008,729.21,0,39,194.15,5.03,0.54
Ord_2602,Prod_4,SHP_3562,Cust_1008,2388.636,0.01,13,191,5.26,0.56
Ord_2790,Prod_7,SHP_3836,Cust_1008,133.07,0.02,35,-15.96,0.94,0.83
Ord_2652,Prod_1,SHP_3628,Cust_1008,1809.21,0.04,33,454.49,5.08,0.59
Ord_2773,Prod_8,SHP_3808,Cust_1008,649.71,0.07,22,-157.51,8.65,0.74
Ord_2652,Prod_6,SHP_3628,Cust_1008,53.72,0.1,6,2.82,2.01,0.39
Ord_2782,Prod_6,SHP_3823,Cust_1008,1734.31,0.06,32,647.25,10.75,0.36
Ord_2766,Prod_5,SHP_3795,Cust_1008,2374.35,0.05,37,878.21,14.48,0.46
Ord_2649,Prod_11,SHP_3623,Cust_1008,4713.25,0.1,31,-372.49,69,0.68
Ord_2652,Prod_11,SHP_3629,Cust_1008,9150.09,0.1,17,-1331.55,45.7,0.71
Ord_4797,Prod_6,SHP_6688,Cust_1634,102.99,0.1,16,-102.17,9.68,0.36
Ord_4707,Prod_3,SHP_6568,Cust_1634,11.25,0.08,5,-4.96,1.49,0.38
Ord_4797,Prod_4,SHP_6689,Cust_1634,1429.088,0.06,20,500.05,1.25,0.39
Ord_2028,Prod_5,SHP_2774,Cust_761,2398.9,0.09,27,656.95,18.13,0.56
Ord_2014,Prod_5,SHP_2756,Cust_761,1934.6,0.09,33,614.03,14.48,0.46
Ord_2023,Prod_8,SHP_2767,Cust_761,856.34,0.06,30,248.91,1.99,0.51
Ord_2023,Prod_13,SHP_2767,Cust_844,238.35,0,19,-64.51,7.95,0.58
Ord_2275,Prod_6,SHP_3105,Cust_844,194.02,0.03,40,80.35,0.8,0.36
Ord_4351,Prod_6,SHP_6066,Cust_1477,229.51,0.04,34,-189.33,9.54,0.37
Ord_4351,Prod_1,SHP_6067,Cust_1477,473,0.09,32,-185.8,10.68,0.58
Ord_2014,Prod_10,SHP_6312,Cust_1477,6803,0.03,46,-1061.68,66.27,0.65
Ord_2028,Prod_3,SHP_6399,Cust_1477,32.77,0.07,5,-17.19,5.01,0.39
Ord_2028,Prod_8,SHP_6400,Cust_1477,1701.53,0.01,37,735.99,1.99,0.44
Ord_1539,Prod_5,SHP_2129,Cust_513,631.73,0.03,8,122.43,19.99,0.43
Ord_1486,Prod_16,SHP_2052,Cust_513,487.5,0.05,46,-25.88,4.68,0.59
Ord_1486,Prod_3,SHP_2052,Cust_513,25.52,0.07,4,-1.99,1.49,0.39
Ord_1403,Prod_17,SHP_1935,Cust_513,2951.97,0.09,4,-1890.33,16.06,0.56
Ord_1342,Prod_3,SHP_1845,Cust_513,457.68,0.07,16,107.38,6.27,0.37
Ord_1486,Prod_2,SHP_2052,Cust_513,97.93,0.07,14,-616.81,49,0.59
Ord_2013,Prod_6,SHP_2755,Cust_750,200.08,0.05,36,-62.97,5.06,0.37
Ord_1989,Prod_10,SHP_2718,Cust_750,19269.05,0,38,4127.79,41.44,0.66
Ord_1989,Prod_1,SHP_3048,Cust_873,763.12,0.03,21,140.33,5.49,0.6
Ord_2013,Prod_8,SHP_2755,Cust_873,790.24,0.09,24,-213.18,9.02,0.75
Ord_4354,Prod_1,SHP_6071,Cust_1479,4253.65,0.05,25,943,19.99,0.55
Ord_2309,Prod_6,SHP_6537,Cust_1623,57.15,0.03,8,-33.95,7.5,0.4
Ord_4691,Prod_6,SHP_6547,Cust_1623,1305.85,0,40,65.01,17.08,0.4
Ord_1968,Prod_16,SHP_2692,Cust_1623,576.58,0.04,41,-81.55,7.59,0.56
Ord_4691,Prod_17,SHP_6546,Cust_1623,7667.78,0.04,25,1494.01,26.53,0.56
Ord_1968,Prod_13,SHP_2692,Cust_735,85.71,0.08,26,9.32,0.98,0.52
Ord_2236,Prod_4,SHP_4166,Cust_1127,6335.8575,0.08,49,1620.23,8.99,0.58
Ord_2309,Prod_13,SHP_3165,Cust_865,6.34,0.08,2,-4.44,0.97,0.59
Ord_2309,Prod_2,SHP_3165,Cust_865,2996.93,0.04,48,1060.87,3.5,0.57
Ord_2278,Prod_17,SHP_3110,Cust_865,1838.18,0.09,2,-2531.48,13.99,0.36
Ord_4379,Prod_5,SHP_6104,Cust_1475,2392.23,0.04,11,1216.74,21.21,0.59
Ord_4392,Prod_13,SHP_6122,Cust_1475,127.84,0.02,41,12.69,0.96,0.58
Ord_4366,Prod_1,SHP_6086,Cust_1475,370.72,0.1,24,-156.76,11.25,0.6
Ord_4392,Prod_7,SHP_6123,Cust_1475,11.15,0.07,6,-2.62,0.75,0.52
Ord_4349,Prod_3,SHP_6064,Cust_1475,22.56,0.04,5,-25.56,6.27,0.4
Ord_4379,Prod_12,SHP_6103,Cust_1475,88.82,0.01,20,38.35,0.5,0.39
Ord_5078,Prod_6,SHP_7091,Cust_1726,692.15,0.09,37,150.38,5.97,0.38
Ord_5081,Prod_9,SHP_7094,Cust_1724,541.47,0.05,49,90.62,4.8,0.36
Ord_5070,Prod_8,SHP_7079,Cust_1724,772.42,0.02,49,299.33,1.99,0.42
Ord_5070,Prod_4,SHP_7079,Cust_1724,221.4675,0,3,-302.23,3.3,0.37
Ord_1161,Prod_3,SHP_1603,Cust_446,251.11,0.03,30,10.04,4.71,0.35
Ord_1155,Prod_8,SHP_1591,Cust_440,33.64,0.07,4,-35.17,2.83,0.77
Ord_1149,Prod_6,SHP_1583,Cust_440,109.37,0.07,11,25.96,1.79,0.38
Ord_1148,Prod_5,SHP_1582,Cust_440,316.35,0.06,21,117.91,3.73,0.46
Ord_1155,Prod_17,SHP_1592,Cust_440,701.94,0.01,29,158.91,6.3,0.38
Ord_1166,Prod_4,SHP_1609,Cust_440,3375.3075,0.1,34,562.13,8.08,0.57
Ord_4808,Prod_4,SHP_6701,Cust_1617,1947.4265,0.03,34,473.27,5.92,0.55
Ord_4672,Prod_2,SHP_6513,Cust_1617,3702.92,0.03,49,541.92,19.95,0.54
Ord_4672,Prod_3,SHP_6514,Cust_1617,53.99,0.1,29,-15.12,1.49,0.37
Ord_4804,Prod_8,SHP_6696,Cust_1599,1121.84,0,15,-173.66,12.14,0.67
Ord_4804,Prod_3,SHP_6696,Cust_1599,176.58,0.1,6,28.34,2.99,0.35
Ord_4641,Prod_3,SHP_6464,Cust_1599,532.89,0.09,43,210.53,1.49,0.35
Ord_4641,Prod_8,SHP_6465,Cust_1599,60.69,0.06,24,-25.65,1.99,0.55
Ord_4751,Prod_15,SHP_6624,Cust_1599,4480.89,0.02,48,195.04,30,0.61
Ord_4650,Prod_3,SHP_6481,Cust_1599,229.26,0,31,-37.2,5.48,0.37
Ord_1809,Prod_11,SHP_2502,Cust_617,8532.152,0.04,50,-513.79,52.2,0.64
Ord_1816,Prod_13,SHP_2509,Cust_617,191.13,0.07,47,38.11,1.2,0.44
Ord_1910,Prod_5,SHP_2617,Cust_699,2011.46,0.01,48,171.07,8.66,0.76
Ord_2025,Prod_4,SHP_2769,Cust_686,2526.54,0.04,46,772.11,2.5,0.55
Ord_1809,Prod_2,SHP_2736,Cust_686,2269.41,0.05,33,630.18,3.5,0.59
Ord_1816,Prod_13,SHP_2754,Cust_686,48.24,0.09,17,-1.62,1.01,0.55
Ord_1895,Prod_4,SHP_2601,Cust_686,2433.55,0.05,23,355.93,8.08,0.57
Ord_1910,Prod_8,SHP_3095,Cust_891,587.2,0.08,29,134.25,1.99,0.48
Ord_1910,Prod_12,SHP_3096,Cust_891,110.79,0.05,39,42.68,0.5,0.38
Ord_2025,Prod_6,SHP_2769,Cust_897,162.39,0.1,33,-101.68,5.57,0.4
Ord_97,Prod_5,SHP_132,Cust_70,426.34,0,31,73.53,5.16,0.43
Ord_187,Prod_12,SHP_252,Cust_70,35.17,0.03,11,5.58,0.99,0.37
Ord_319,Prod_1,SHP_426,Cust_70,178.45,0.09,31,-104.96,4.69,0.68
Ord_319,Prod_5,SHP_425,Cust_70,413.86,0,50,39.29,4,0.42
