Order_ID,Order_Date,Order_Priority,Ord_id
3,13-10-2010,LOW,Ord_1
293,01-10-2012,HIGH,Ord_2
483,10-07-2011,HIGH,Ord_3
515,28-08-2010,"NOT SPECIFIED",Ord_4
613,17-06-2011,HIGH,Ord_5
643,24-03-2011,HIGH,Ord_6
678,26-02-2010,LOW,Ord_7
807,23-11-2010,MEDIUM,Ord_8
868,08-06-2012,"NOT SPECIFIED",Ord_9
933,04-08-2012,"NOT SPECIFIED",Ord_10
995,30-05-2011,MEDIUM,Ord_11
998,25-11-2009,"NOT SPECIFIED",Ord_12
1154,14-02-2012,CRITICAL,Ord_13
1344,15-04-2012,LOW,Ord_14
1412,12-03-2010,"NOT SPECIFIED",Ord_15
1539,09-03-2011,LOW,Ord_16
1540,04-08-2012,HIGH,Ord_17
1702,06-05-2011,HIGH,Ord_18
1761,23-12-2010,HIGH,Ord_19
1792,08-11-2010,LOW,Ord_20
2275,21-10-2012,"NOT SPECIFIED",Ord_21
2277,01-01-2011,"NOT SPECIFIED",Ord_22
2532,10-10-2011,HIGH,Ord_23
2631,23-09-2010,LOW,Ord_24
2757,19-07-2011,CRITICAL,Ord_25
2791,09-10-2009,HIGH,Ord_26
2976,09-12-2010,"NOT SPECIFIED",Ord_27
3232,08-10-2012,CRITICAL,Ord_28
3524,02-05-2012,HIGH,Ord_29
3908,08-03-2010,MEDIUM,Ord_30
4132,28-05-2011,"NOT SPECIFIED",Ord_31
4612,19-09-2010,MEDIUM,Ord_32
4676,31-08-2011,HIGH,Ord_33
5284,08-07-2011,"NOT SPECIFIED",Ord_34
5316,30-01-2009,CRITICAL,Ord_35
5409,08-01-2012,LOW,Ord_36
5506,07-11-2010,CRITICAL,Ord_37
5569,29-04-2010,"NOT SPECIFIED",Ord_38
5607,31-12-2011,"NOT SPECIFIED",Ord_39
5894,12-08-2009,HIGH,Ord_40
5925,12-11-2011,LOW,Ord_41
6016,20-01-2012,HIGH,Ord_42
6116,20-03-2009,MEDIUM,Ord_43
6182,21-07-2012,LOW,Ord_44
6535,12-06-2012,CRITICAL,Ord_45
6884,15-01-2009,LOW,Ord_46
6916,04-06-2010,LOW,Ord_47
6980,18-02-2010,"NOT SPECIFIED",Ord_48
6982,16-11-2011,"NOT SPECIFIED",Ord_49
7110,07-08-2011,LOW,Ord_50
7430,08-06-2010,MEDIUM,Ord_51
7906,17-10-2009,MEDIUM,Ord_52
8391,28-08-2011,HIGH,Ord_53
8419,29-09-2011,CRITICAL,Ord_54
8833,04-05-2012,LOW,Ord_55
8995,17-05-2011,HIGH,Ord_56
9126,17-11-2009,MEDIUM,Ord_57
9127,10-10-2011,"NOT SPECIFIED",Ord_58
9509,07-10-2012,"NOT SPECIFIED",Ord_59
9763,13-08-2011,MEDIUM,Ord_60
9927,16-08-2011,HIGH,Ord_61
10022,04-03-2009,LOW,Ord_62
10437,18-08-2009,CRITICAL,Ord_63
10499,16-11-2010,"NOT SPECIFIED",Ord_64
10535,27-05-2011,LOW,Ord_65
10789,23-08-2010,"NOT SPECIFIED",Ord_66
10791,19-08-2011,"NOT SPECIFIED",Ord_67
10945,03-01-2012,MEDIUM,Ord_68
11137,29-11-2012,HIGH,Ord_69
11202,17-03-2012,MEDIUM,Ord_70
11456,12-04-2010,LOW,Ord_71
11460,24-08-2010,HIGH,Ord_72
11495,04-07-2011,HIGH,Ord_73
11911,10-11-2010,CRITICAL,Ord_74
11941,24-06-2010,CRITICAL,Ord_75
12096,19-09-2012,MEDIUM,Ord_76
12289,24-12-2011,LOW,Ord_77
12352,23-03-2012,MEDIUM,Ord_78
12419,15-10-2011,CRITICAL,Ord_79
12485,07-08-2010,CRITICAL,Ord_80
12544,03-03-2009,LOW,Ord_81
12704,09-02-2010,LOW,Ord_82
12771,17-01-2009,CRITICAL,Ord_83
12929,30-08-2010,CRITICAL,Ord_84
13280,11-09-2009,HIGH,Ord_85
13313,16-07-2009,"NOT SPECIFIED",Ord_86
13346,15-11-2012,LOW,Ord_87
13702,10-09-2011,LOW,Ord_88
13795,10-04-2011,"NOT SPECIFIED",Ord_89
14116,09-10-2011,HIGH,Ord_90
14372,23-10-2012,CRITICAL,Ord_91
14726,08-01-2012,LOW,Ord_92
14819,25-01-2010,"NOT SPECIFIED",Ord_93
15106,27-01-2011,"NOT SPECIFIED",Ord_94
15108,27-08-2009,HIGH,Ord_95
15205,17-03-2011,CRITICAL,Ord_96
15591,06-06-2012,CRITICAL,Ord_97
15907,11-04-2011,HIGH,Ord_98
15937,06-11-2012,LOW,Ord_99
16039,16-05-2012,HIGH,Ord_100
16193,09-04-2012,"NOT SPECIFIED",Ord_101
16423,05-08-2012,MEDIUM,Ord_102
16451,22-07-2009,"NOT SPECIFIED",Ord_103
16545,09-05-2010,"NOT SPECIFIED",Ord_104
16547,18-02-2009,"NOT SPECIFIED",Ord_105
16706,27-06-2012,HIGH,Ord_106
16741,30-09-2010,MEDIUM,Ord_107
16932,15-04-2010,CRITICAL,Ord_108
17283,14-09-2011,"NOT SPECIFIED",Ord_109
17286,21-09-2010,HIGH,Ord_110
17409,17-08-2010,"NOT SPECIFIED",Ord_111
17764,16-09-2009,LOW,Ord_112
18080,22-06-2009,HIGH,Ord_113
18113,28-08-2012,"NOT SPECIFIED",Ord_114
18144,07-06-2011,CRITICAL,Ord_115
18308,09-10-2009,"NOT SPECIFIED",Ord_116
18887,05-12-2010,"NOT SPECIFIED",Ord_117
19010,07-06-2009,LOW,Ord_118
19078,27-07-2009,CRITICAL,Ord_119
19138,05-09-2011,LOW,Ord_120
19655,11-01-2009,HIGH,Ord_121
19686,15-08-2010,MEDIUM,Ord_122
20007,05-08-2009,"NOT SPECIFIED",Ord_123
20071,17-09-2011,MEDIUM,Ord_124
20160,22-10-2011,LOW,Ord_125
20263,14-11-2009,MEDIUM,Ord_126
21285,03-07-2010,MEDIUM,Ord_127
21383,30-01-2009,LOW,Ord_128
21607,15-03-2012,"NOT SPECIFIED",Ord_129
21636,10-08-2009,LOW,Ord_130
21889,01-04-2010,LOW,Ord_131
22151,31-07-2010,HIGH,Ord_132
22342,29-05-2009,LOW,Ord_133
22469,11-10-2010,HIGH,Ord_134
22501,18-05-2010,HIGH,Ord_135
22532,08-02-2011,CRITICAL,Ord_136
23264,07-12-2010,CRITICAL,Ord_137
23488,06-01-2009,CRITICAL,Ord_138
23584,12-03-2012,CRITICAL,Ord_139
24007,26-08-2010,LOW,Ord_140
24038,20-06-2011,HIGH,Ord_141
24097,04-08-2010,HIGH,Ord_142
24128,23-11-2010,HIGH,Ord_143
24294,02-08-2009,"NOT SPECIFIED",Ord_144
24387,10-08-2011,CRITICAL,Ord_145
24515,06-05-2010,CRITICAL,Ord_146
24743,28-06-2012,LOW,Ord_147
24871,23-03-2011,MEDIUM,Ord_148
25318,19-11-2011,CRITICAL,Ord_149
25377,26-11-2012,LOW,Ord_150
25634,29-07-2010,"NOT SPECIFIED",Ord_151
25733,12-05-2012,LOW,Ord_152
25767,03-03-2012,HIGH,Ord_153
26023,20-08-2010,HIGH,Ord_154
26051,27-06-2010,"NOT SPECIFIED",Ord_155
26116,29-10-2012,CRITICAL,Ord_156
26182,16-01-2010,"NOT SPECIFIED",Ord_157
26272,29-06-2012,LOW,Ord_158
26370,08-08-2011,"NOT SPECIFIED",Ord_159
26499,21-02-2010,MEDIUM,Ord_160
26531,20-06-2011,MEDIUM,Ord_161
26567,04-09-2009,CRITICAL,Ord_162
26854,21-06-2009,"NOT SPECIFIED",Ord_163
27109,08-02-2012,CRITICAL,Ord_164
27111,11-03-2009,HIGH,Ord_165
27264,04-06-2011,LOW,Ord_166
27392,02-03-2012,LOW,Ord_167
27553,12-08-2011,MEDIUM,Ord_168
27555,01-09-2009,CRITICAL,Ord_169
27680,26-01-2010,CRITICAL,Ord_170
27778,02-09-2011,CRITICAL,Ord_171
27909,07-02-2012,CRITICAL,Ord_172
28003,19-03-2011,CRITICAL,Ord_173
28035,08-05-2011,"NOT SPECIFIED",Ord_174
28135,25-09-2009,CRITICAL,Ord_175
28165,09-07-2012,"NOT SPECIFIED",Ord_176
28289,14-01-2010,HIGH,Ord_177
28486,26-08-2009,HIGH,Ord_178
28675,08-10-2009,CRITICAL,Ord_179
28870,10-11-2011,HIGH,Ord_180
28871,15-04-2012,HIGH,Ord_181
29030,02-01-2012,MEDIUM,Ord_182
29095,08-03-2011,"NOT SPECIFIED",Ord_183
29287,02-07-2009,HIGH,Ord_184
29510,15-04-2011,CRITICAL,Ord_185
29795,25-11-2011,HIGH,Ord_186
29861,25-04-2012,CRITICAL,Ord_187
30658,26-03-2011,MEDIUM,Ord_188
30947,14-07-2010,LOW,Ord_189
31077,23-10-2010,"NOT SPECIFIED",Ord_190
31111,24-08-2009,"NOT SPECIFIED",Ord_191
31169,09-06-2011,LOW,Ord_192
31270,23-11-2012,MEDIUM,Ord_193
31364,01-05-2009,"NOT SPECIFIED",Ord_194
31393,11-05-2012,CRITICAL,Ord_195
31492,15-10-2010,CRITICAL,Ord_196
31558,23-07-2011,LOW,Ord_197
31618,11-07-2011,CRITICAL,Ord_198
31684,16-09-2012,CRITICAL,Ord_199
31781,16-01-2009,MEDIUM,Ord_200
32193,20-10-2010,LOW,Ord_201
32229,30-08-2010,HIGH,Ord_202
32743,07-05-2010,CRITICAL,Ord_203
32806,21-06-2011,CRITICAL,Ord_204
33123,24-11-2010,MEDIUM,Ord_205
33159,27-04-2012,MEDIUM,Ord_206
33186,28-08-2012,LOW,Ord_207
33377,31-07-2011,HIGH,Ord_208
33444,06-10-2012,MEDIUM,Ord_209
33703,06-02-2010,"NOT SPECIFIED",Ord_210
33734,17-10-2011,"NOT SPECIFIED",Ord_211
33888,20-08-2009,"NOT SPECIFIED",Ord_212
33894,14-06-2010,CRITICAL,Ord_213
33922,27-02-2010,"NOT SPECIFIED",Ord_214
34177,15-08-2009,HIGH,Ord_215
34215,14-05-2011,HIGH,Ord_216
34246,07-10-2010,CRITICAL,Ord_217
34631,23-10-2009,"NOT SPECIFIED",Ord_218
35047,09-06-2010,MEDIUM,Ord_219
35266,10-01-2011,"NOT SPECIFIED",Ord_220
35847,30-01-2009,CRITICAL,Ord_221
36001,28-03-2011,LOW,Ord_222
36134,22-11-2010,LOW,Ord_223
36135,30-05-2011,"NOT SPECIFIED",Ord_224
36644,13-05-2012,HIGH,Ord_225
36646,08-06-2010,MEDIUM,Ord_226
36707,29-11-2009,MEDIUM,Ord_227
37253,01-09-2012,HIGH,Ord_228
37541,26-02-2010,MEDIUM,Ord_229
37634,21-05-2012,MEDIUM,Ord_230
37793,08-11-2009,"NOT SPECIFIED",Ord_231
37860,27-08-2010,MEDIUM,Ord_232
38884,17-08-2012,HIGH,Ord_233
39364,09-11-2012,HIGH,Ord_234
39457,02-06-2011,CRITICAL,Ord_235
39683,10-08-2011,HIGH,Ord_236
39846,27-02-2009,LOW,Ord_237
40036,07-06-2010,"NOT SPECIFIED",Ord_238
40067,17-02-2012,LOW,Ord_239
40132,23-02-2012,LOW,Ord_240
40160,15-10-2009,CRITICAL,Ord_241
40518,13-03-2009,CRITICAL,Ord_242
40804,12-03-2010,MEDIUM,Ord_243
40902,07-07-2009,LOW,Ord_244
41063,21-11-2012,LOW,Ord_245
41153,02-03-2009,MEDIUM,Ord_246
41184,22-09-2011,HIGH,Ord_247
41409,21-07-2011,"NOT SPECIFIED",Ord_248
41696,13-07-2009,"NOT SPECIFIED",Ord_249
42209,29-03-2010,HIGH,Ord_250
42561,06-02-2010,LOW,Ord_251
42564,12-09-2012,LOW,Ord_252
42695,22-12-2010,"NOT SPECIFIED",Ord_253
42981,30-05-2009,CRITICAL,Ord_254
43109,21-12-2012,CRITICAL,Ord_255
43203,14-02-2012,"NOT SPECIFIED",Ord_256
43236,03-07-2010,"NOT SPECIFIED",Ord_257
43267,16-05-2011,CRITICAL,Ord_258
43329,07-03-2010,MEDIUM,Ord_259
43330,27-04-2009,"NOT SPECIFIED",Ord_260
43364,07-04-2012,HIGH,Ord_261
43392,31-12-2010,MEDIUM,Ord_262
43781,02-02-2010,"NOT SPECIFIED",Ord_263
44071,15-04-2012,"NOT SPECIFIED",Ord_264
44519,19-05-2010,HIGH,Ord_265
44708,27-07-2009,"NOT SPECIFIED",Ord_266
44772,31-03-2009,"NOT SPECIFIED",Ord_267
44839,11-06-2012,CRITICAL,Ord_268
45217,01-09-2010,"NOT SPECIFIED",Ord_269
45440,09-08-2012,CRITICAL,Ord_270
45766,07-05-2010,HIGH,Ord_271
45861,25-08-2011,MEDIUM,Ord_272
45957,21-09-2010,CRITICAL,Ord_273
46912,30-06-2012,LOW,Ord_274
46980,17-01-2011,CRITICAL,Ord_275
47460,10-10-2010,CRITICAL,Ord_276
47462,09-06-2011,HIGH,Ord_277
47620,26-06-2012,LOW,Ord_278
47749,16-03-2010,MEDIUM,Ord_279
47873,13-11-2010,CRITICAL,Ord_280
47943,14-11-2009,MEDIUM,Ord_281
48101,12-09-2011,HIGH,Ord_282
48295,23-11-2009,MEDIUM,Ord_283
48839,10-07-2010,CRITICAL,Ord_284
49154,06-03-2009,MEDIUM,Ord_285
49921,17-02-2011,LOW,Ord_286
49952,19-11-2011,HIGH,Ord_287
50117,03-06-2011,CRITICAL,Ord_288
50278,25-05-2010,HIGH,Ord_289
50374,30-05-2009,"NOT SPECIFIED",Ord_290
50565,30-08-2012,HIGH,Ord_291
50688,16-12-2011,CRITICAL,Ord_292
50754,09-12-2009,"NOT SPECIFIED",Ord_293
50914,03-07-2012,CRITICAL,Ord_294
51169,24-12-2010,HIGH,Ord_295
51938,17-05-2011,LOW,Ord_296
51970,11-01-2012,"NOT SPECIFIED",Ord_297
51971,03-10-2011,"NOT SPECIFIED",Ord_298
52193,05-03-2010,"NOT SPECIFIED",Ord_299
52321,05-11-2011,HIGH,Ord_300
52386,05-01-2009,HIGH,Ord_301
52807,25-11-2010,MEDIUM,Ord_302
52929,08-04-2011,HIGH,Ord_303
52964,31-03-2010,CRITICAL,Ord_304
53156,10-03-2012,"NOT SPECIFIED",Ord_305
53511,20-02-2009,MEDIUM,Ord_306
53797,01-10-2009,CRITICAL,Ord_307
53990,01-11-2012,"NOT SPECIFIED",Ord_308
54083,21-07-2011,HIGH,Ord_309
54274,23-11-2010,"NOT SPECIFIED",Ord_310
54276,06-02-2010,"NOT SPECIFIED",Ord_311
54528,04-01-2011,MEDIUM,Ord_312
54567,02-08-2009,MEDIUM,Ord_313
54628,05-06-2010,HIGH,Ord_314
55298,02-08-2009,CRITICAL,Ord_315
55363,28-12-2010,HIGH,Ord_316
55366,10-10-2012,CRITICAL,Ord_317
55715,02-04-2011,CRITICAL,Ord_318
55875,25-11-2009,CRITICAL,Ord_319
56453,11-04-2012,CRITICAL,Ord_320
57127,16-02-2010,LOW,Ord_321
57344,24-09-2010,HIGH,Ord_322
57509,21-02-2009,LOW,Ord_323
57600,11-11-2012,CRITICAL,Ord_324
58055,27-10-2011,CRITICAL,Ord_325
58144,16-12-2009,LOW,Ord_326
58150,07-05-2010,CRITICAL,Ord_327
58340,08-01-2011,MEDIUM,Ord_328
58368,09-07-2012,HIGH,Ord_329
58434,09-03-2009,HIGH,Ord_330
58626,30-12-2011,HIGH,Ord_331
58688,29-03-2009,"NOT SPECIFIED",Ord_332
59045,13-02-2011,CRITICAL,Ord_333
59047,28-01-2011,"NOT SPECIFIED",Ord_334
59202,08-09-2012,MEDIUM,Ord_335
59207,18-05-2009,CRITICAL,Ord_336
59234,29-07-2012,LOW,Ord_337
59395,22-04-2012,CRITICAL,Ord_338
59558,16-07-2012,"NOT SPECIFIED",Ord_339
59585,22-09-2012,HIGH,Ord_340
59651,20-05-2010,CRITICAL,Ord_341
645,02-12-2009,HIGH,Ord_342
769,01-06-2010,MEDIUM,Ord_343
773,25-09-2010,MEDIUM,Ord_344
1187,19-11-2012,MEDIUM,Ord_345
2339,14-12-2010,LOW,Ord_346
3521,25-10-2012,LOW,Ord_347
4007,17-06-2010,HIGH,Ord_348
4416,29-06-2012,LOW,Ord_349
4454,01-02-2009,LOW,Ord_350
5153,25-08-2011,CRITICAL,Ord_351
5446,20-06-2009,LOW,Ord_352
8131,03-05-2010,CRITICAL,Ord_353
8994,07-04-2009,LOW,Ord_354
9027,02-09-2011,LOW,Ord_355
9216,14-04-2011,MEDIUM,Ord_356
9537,13-02-2011,"NOT SPECIFIED",Ord_357
9574,30-07-2011,MEDIUM,Ord_358
10435,10-08-2010,MEDIUM,Ord_359
10851,06-04-2009,HIGH,Ord_360
10852,26-10-2010,HIGH,Ord_361
11269,26-05-2012,LOW,Ord_362
11362,10-09-2012,LOW,Ord_363
11968,16-03-2011,LOW,Ord_364
12293,18-06-2011,HIGH,Ord_365
12773,11-01-2011,LOW,Ord_366
12934,05-03-2009,"NOT SPECIFIED",Ord_367
13120,14-12-2009,LOW,Ord_368
13604,02-02-2009,"NOT SPECIFIED",Ord_369
13927,26-08-2009,LOW,Ord_370
15044,06-03-2012,LOW,Ord_371
15139,19-11-2009,HIGH,Ord_372
15463,24-07-2010,LOW,Ord_373
15618,04-08-2010,MEDIUM,Ord_374
16100,07-03-2011,MEDIUM,Ord_375
16320,20-10-2011,"NOT SPECIFIED",Ord_376
16419,04-08-2009,"NOT SPECIFIED",Ord_377
17090,28-04-2010,LOW,Ord_378
17315,22-04-2009,LOW,Ord_379
17376,04-12-2011,HIGH,Ord_380
18210,06-08-2010,"NOT SPECIFIED",Ord_381
18273,15-09-2011,LOW,Ord_382
18788,02-10-2009,"NOT SPECIFIED",Ord_383
19042,01-03-2009,CRITICAL,Ord_384
19073,24-06-2009,"NOT SPECIFIED",Ord_385
19365,16-01-2011,MEDIUM,Ord_386
19617,20-01-2012,LOW,Ord_387
20033,21-05-2010,CRITICAL,Ord_388
21223,15-03-2012,"NOT SPECIFIED",Ord_389
21378,07-08-2011,MEDIUM,Ord_390
21542,21-05-2011,HIGH,Ord_391
22656,22-12-2010,"NOT SPECIFIED",Ord_392
22695,03-07-2009,LOW,Ord_393
23076,27-05-2009,CRITICAL,Ord_394
24067,22-08-2012,HIGH,Ord_395
24388,26-01-2011,CRITICAL,Ord_396
24451,03-12-2012,CRITICAL,Ord_397
24806,06-09-2010,"NOT SPECIFIED",Ord_398
24965,29-03-2011,LOW,Ord_399
25154,20-08-2010,HIGH,Ord_400
25315,02-12-2010,LOW,Ord_401
25376,26-03-2011,CRITICAL,Ord_402
26240,19-12-2009,CRITICAL,Ord_403
26791,29-04-2011,LOW,Ord_404
28836,24-10-2010,HIGH,Ord_405
28995,12-05-2010,HIGH,Ord_406
29121,11-04-2010,MEDIUM,Ord_407
29319,24-01-2009,LOW,Ord_408
29382,17-11-2010,HIGH,Ord_409
29445,29-09-2010,HIGH,Ord_410
29762,03-08-2010,CRITICAL,Ord_411
30048,13-06-2011,MEDIUM,Ord_412
30243,05-05-2010,CRITICAL,Ord_413
30372,30-08-2010,HIGH,Ord_414
30499,30-10-2012,HIGH,Ord_415
32199,15-07-2009,HIGH,Ord_416
32327,07-08-2012,LOW,Ord_417
32676,01-02-2009,CRITICAL,Ord_418
32835,07-07-2012,MEDIUM,Ord_419
32869,27-03-2009,MEDIUM,Ord_420
33763,23-09-2010,"NOT SPECIFIED",Ord_421
34048,28-03-2011,LOW,Ord_422
34275,01-07-2009,LOW,Ord_423
34438,11-12-2010,HIGH,Ord_424
34880,16-09-2009,HIGH,Ord_425
34978,04-02-2011,HIGH,Ord_426
35141,11-09-2010,MEDIUM,Ord_427
35300,02-03-2010,MEDIUM,Ord_428
35558,15-09-2009,CRITICAL,Ord_429
36293,30-12-2010,MEDIUM,Ord_430
36516,25-07-2011,MEDIUM,Ord_431
36677,23-12-2009,LOW,Ord_432
37185,31-10-2012,HIGH,Ord_433
37888,22-12-2009,CRITICAL,Ord_434
38310,14-04-2012,HIGH,Ord_435
40327,13-05-2011,MEDIUM,Ord_436
40480,07-12-2011,CRITICAL,Ord_437
40800,04-12-2010,"NOT SPECIFIED",Ord_438
40835,24-11-2009,HIGH,Ord_439
40871,13-09-2011,"NOT SPECIFIED",Ord_440
41570,03-12-2010,"NOT SPECIFIED",Ord_441
41991,18-12-2011,LOW,Ord_442
42400,09-08-2012,LOW,Ord_443
42754,24-08-2010,CRITICAL,Ord_444
42918,22-05-2011,HIGH,Ord_445
42944,18-11-2012,CRITICAL,Ord_446
44037,28-06-2012,HIGH,Ord_447
44387,04-02-2009,LOW,Ord_448
44576,25-12-2009,"NOT SPECIFIED",Ord_449
45601,26-09-2011,HIGH,Ord_450
45606,22-09-2011,MEDIUM,Ord_451
46119,15-02-2009,CRITICAL,Ord_452
46756,11-10-2009,MEDIUM,Ord_453
47714,10-03-2011,MEDIUM,Ord_454
47846,11-08-2012,HIGH,Ord_455
47876,25-12-2009,HIGH,Ord_456
48067,29-06-2012,LOW,Ord_457
48199,18-01-2009,"NOT SPECIFIED",Ord_458
49029,20-05-2012,HIGH,Ord_459
49216,19-03-2009,HIGH,Ord_460
49990,05-09-2009,"NOT SPECIFIED",Ord_461
50081,03-11-2009,"NOT SPECIFIED",Ord_462
50404,26-03-2011,HIGH,Ord_463
50784,10-02-2012,HIGH,Ord_464
50850,06-05-2009,CRITICAL,Ord_465
51075,23-11-2010,"NOT SPECIFIED",Ord_466
51461,10-02-2011,"NOT SPECIFIED",Ord_467
51558,29-03-2010,"NOT SPECIFIED",Ord_468
52130,05-09-2012,LOW,Ord_469
52482,31-01-2011,CRITICAL,Ord_470
53410,07-08-2009,CRITICAL,Ord_471
53477,05-05-2012,HIGH,Ord_472
53508,10-11-2009,HIGH,Ord_473
53703,14-06-2010,"NOT SPECIFIED",Ord_474
54115,07-01-2012,LOW,Ord_475
54437,19-12-2010,HIGH,Ord_476
54501,29-11-2012,CRITICAL,Ord_477
54753,18-04-2009,MEDIUM,Ord_478
55138,24-09-2009,HIGH,Ord_479
55271,11-03-2011,MEDIUM,Ord_480
55331,13-12-2010,HIGH,Ord_481
55618,21-01-2012,MEDIUM,Ord_482
56645,06-01-2012,LOW,Ord_483
56803,10-12-2009,"NOT SPECIFIED",Ord_484
57159,12-02-2010,CRITICAL,Ord_485
57507,26-06-2009,CRITICAL,Ord_486
57922,08-02-2011,CRITICAL,Ord_487
58117,20-02-2011,CRITICAL,Ord_488
58278,10-09-2012,HIGH,Ord_489
58502,12-02-2010,CRITICAL,Ord_490
58788,01-02-2010,LOW,Ord_491
58947,26-09-2011,"NOT SPECIFIED",Ord_492
59074,12-08-2010,LOW,Ord_493
59233,20-08-2010,HIGH,Ord_494
59425,17-05-2012,MEDIUM,Ord_495
59750,09-07-2010,LOW,Ord_496
35,22-10-2011,"NOT SPECIFIED",Ord_497
294,15-07-2010,MEDIUM,Ord_498
450,04-03-2011,"NOT SPECIFIED",Ord_499
1028,05-01-2009,HIGH,Ord_500
1314,12-05-2009,MEDIUM,Ord_501
2279,22-02-2010,MEDIUM,Ord_502
2465,23-06-2011,CRITICAL,Ord_503
2530,20-03-2009,MEDIUM,Ord_504
2883,22-01-2011,LOW,Ord_505
3362,28-07-2011,LOW,Ord_506
5318,03-04-2010,HIGH,Ord_507
5988,21-11-2010,"NOT SPECIFIED",Ord_508
6115,11-09-2010,MEDIUM,Ord_509
6337,31-08-2011,"NOT SPECIFIED",Ord_510
6434,07-06-2009,HIGH,Ord_511
7136,22-03-2009,HIGH,Ord_512
7489,30-09-2010,CRITICAL,Ord_513
7968,15-09-2010,LOW,Ord_514
8227,10-01-2010,"NOT SPECIFIED",Ord_515
9123,26-06-2010,CRITICAL,Ord_516
9792,23-07-2011,LOW,Ord_517
9860,10-10-2010,CRITICAL,Ord_518
10310,05-02-2009,LOW,Ord_519
10369,09-11-2011,LOW,Ord_520
10692,26-07-2009,LOW,Ord_521
11553,18-04-2009,MEDIUM,Ord_522
11776,24-02-2012,LOW,Ord_523
11782,28-07-2012,LOW,Ord_524
12199,14-12-2011,LOW,Ord_525
14275,13-06-2010,LOW,Ord_526
14535,01-10-2010,"NOT SPECIFIED",Ord_527
15329,27-04-2012,HIGH,Ord_528
15621,24-09-2011,CRITICAL,Ord_529
17826,30-06-2012,HIGH,Ord_530
17926,10-11-2011,CRITICAL,Ord_531
18247,05-11-2009,"NOT SPECIFIED",Ord_532
18471,19-02-2009,"NOT SPECIFIED",Ord_533
19813,02-03-2010,CRITICAL,Ord_534
20322,28-06-2009,CRITICAL,Ord_535
20422,26-01-2009,HIGH,Ord_536
20448,02-08-2011,CRITICAL,Ord_537
21892,04-07-2010,HIGH,Ord_538
22980,01-10-2012,"NOT SPECIFIED",Ord_539
23907,14-07-2011,"NOT SPECIFIED",Ord_540
24064,25-07-2010,MEDIUM,Ord_541
24132,06-07-2009,LOW,Ord_542
24576,11-12-2012,"NOT SPECIFIED",Ord_543
25248,01-12-2011,MEDIUM,Ord_544
25475,04-04-2009,CRITICAL,Ord_545
26978,25-06-2010,MEDIUM,Ord_546
27105,16-02-2011,"NOT SPECIFIED",Ord_547
28068,26-08-2010,LOW,Ord_548
28802,04-11-2010,HIGH,Ord_549
28839,28-04-2009,LOW,Ord_550
29252,06-08-2009,LOW,Ord_551
31941,18-03-2009,MEDIUM,Ord_552
32418,05-01-2009,"NOT SPECIFIED",Ord_553
34241,08-10-2012,LOW,Ord_554
34816,05-11-2010,"NOT SPECIFIED",Ord_555
35011,10-12-2012,"NOT SPECIFIED",Ord_556
36068,05-02-2009,CRITICAL,Ord_557
36930,28-09-2011,MEDIUM,Ord_558
37315,05-06-2012,LOW,Ord_559
37925,26-09-2010,MEDIUM,Ord_560
38021,21-01-2009,MEDIUM,Ord_561
38336,05-10-2012,CRITICAL,Ord_562
38565,25-03-2009,CRITICAL,Ord_563
39783,20-09-2012,"NOT SPECIFIED",Ord_564
42500,05-02-2010,"NOT SPECIFIED",Ord_565
44162,19-03-2010,HIGH,Ord_566
44256,19-11-2011,LOW,Ord_567
44320,29-04-2009,MEDIUM,Ord_568
45377,03-04-2011,LOW,Ord_569
47367,16-04-2011,MEDIUM,Ord_570
47750,15-06-2010,LOW,Ord_571
48388,09-08-2009,HIGH,Ord_572
49059,20-09-2009,MEDIUM,Ord_573
49510,20-03-2012,CRITICAL,Ord_574
49634,23-03-2012,"NOT SPECIFIED",Ord_575
50210,19-07-2010,LOW,Ord_576
50503,21-11-2012,MEDIUM,Ord_577
50816,27-03-2009,HIGH,Ord_578
51073,14-05-2010,"NOT SPECIFIED",Ord_579
51584,17-10-2010,CRITICAL,Ord_580
51879,24-08-2010,"NOT SPECIFIED",Ord_581
52288,10-08-2011,HIGH,Ord_582
53190,24-09-2009,MEDIUM,Ord_583
53536,30-10-2012,HIGH,Ord_584
53572,07-05-2010,MEDIUM,Ord_585
53825,09-04-2011,LOW,Ord_586
53863,03-06-2010,HIGH,Ord_587
54119,22-05-2010,MEDIUM,Ord_588
56224,25-10-2012,MEDIUM,Ord_589
56293,05-01-2010,"NOT SPECIFIED",Ord_590
57959,30-12-2011,MEDIUM,Ord_591
58500,14-02-2011,LOW,Ord_592
59584,28-05-2010,MEDIUM,Ord_593
261,28-06-2010,MEDIUM,Ord_594
928,01-03-2011,LOW,Ord_595
1282,27-02-2012,"NOT SPECIFIED",Ord_596
1856,19-03-2012,"NOT SPECIFIED",Ord_597
1925,04-03-2012,CRITICAL,Ord_598
2848,09-03-2012,CRITICAL,Ord_599
5504,05-01-2010,HIGH,Ord_600
8390,21-04-2012,MEDIUM,Ord_601
8545,17-06-2009,LOW,Ord_602
9573,13-06-2012,MEDIUM,Ord_603
9892,16-07-2012,MEDIUM,Ord_604
10048,15-05-2009,"NOT SPECIFIED",Ord_605
10144,02-01-2011,CRITICAL,Ord_606
10432,05-01-2012,LOW,Ord_607
10661,23-01-2009,"NOT SPECIFIED",Ord_608
12806,24-12-2011,"NOT SPECIFIED",Ord_609
13158,20-11-2012,CRITICAL,Ord_610
13507,29-12-2012,MEDIUM,Ord_611
14375,31-01-2010,MEDIUM,Ord_612
14627,04-02-2009,MEDIUM,Ord_613
14852,24-12-2011,MEDIUM,Ord_614
16230,27-02-2010,LOW,Ord_615
19074,25-06-2012,CRITICAL,Ord_616
20194,13-03-2012,HIGH,Ord_617
21024,28-12-2010,MEDIUM,Ord_618
21509,03-07-2012,HIGH,Ord_619
21856,05-04-2012,"NOT SPECIFIED",Ord_620
22119,24-07-2009,LOW,Ord_621
22534,18-07-2011,MEDIUM,Ord_622
22629,15-04-2010,LOW,Ord_623
23011,15-06-2010,LOW,Ord_624
24070,15-03-2011,HIGH,Ord_625
24737,06-12-2009,HIGH,Ord_626
26373,22-07-2010,MEDIUM,Ord_627
27174,08-10-2011,CRITICAL,Ord_628
27876,07-09-2010,LOW,Ord_629
28582,22-01-2012,"NOT SPECIFIED",Ord_630
28868,05-04-2012,HIGH,Ord_631
29857,12-12-2009,MEDIUM,Ord_632
29921,23-03-2012,MEDIUM,Ord_633
30659,13-09-2011,CRITICAL,Ord_634
30660,05-09-2012,CRITICAL,Ord_635
30883,21-08-2010,MEDIUM,Ord_636
32871,26-10-2012,HIGH,Ord_637
33600,06-10-2010,LOW,Ord_638
33632,13-03-2010,CRITICAL,Ord_639
33665,25-05-2011,LOW,Ord_640
34434,09-05-2011,"NOT SPECIFIED",Ord_641
34753,18-01-2010,"NOT SPECIFIED",Ord_642
35364,12-12-2009,CRITICAL,Ord_643
35812,22-01-2010,CRITICAL,Ord_644
37063,09-12-2012,"NOT SPECIFIED",Ord_645
37281,28-08-2009,MEDIUM,Ord_646
37798,04-11-2012,HIGH,Ord_647
38017,20-07-2010,LOW,Ord_648
38272,15-11-2011,CRITICAL,Ord_649
39301,22-03-2009,MEDIUM,Ord_650
39367,06-08-2009,CRITICAL,Ord_651
39655,23-03-2012,HIGH,Ord_652
40803,13-04-2011,LOW,Ord_653
40806,06-09-2011,CRITICAL,Ord_654
43523,23-05-2012,MEDIUM,Ord_655
44199,04-03-2012,LOW,Ord_656
44231,03-11-2009,"NOT SPECIFIED",Ord_657
45573,12-08-2009,HIGH,Ord_658
45763,07-07-2010,HIGH,Ord_659
48165,05-11-2010,HIGH,Ord_660
48197,05-05-2012,"NOT SPECIFIED",Ord_661
48484,23-06-2010,MEDIUM,Ord_662
49153,28-07-2012,MEDIUM,Ord_663
49412,07-03-2009,CRITICAL,Ord_664
49761,24-01-2011,"NOT SPECIFIED",Ord_665
50310,15-08-2009,MEDIUM,Ord_666
51072,02-10-2009,CRITICAL,Ord_667
51648,01-01-2012,LOW,Ord_668
52035,27-11-2009,HIGH,Ord_669
52326,04-08-2010,LOW,Ord_670
52737,08-11-2010,"NOT SPECIFIED",Ord_671
53216,04-12-2012,HIGH,Ord_672
54081,10-03-2011,LOW,Ord_673
54560,16-07-2009,CRITICAL,Ord_674
54947,22-02-2009,"NOT SPECIFIED",Ord_675
55170,21-09-2012,CRITICAL,Ord_676
55777,10-11-2012,"NOT SPECIFIED",Ord_677
56001,12-04-2010,LOW,Ord_678
56640,25-08-2011,HIGH,Ord_679
59393,20-11-2010,MEDIUM,Ord_680
59712,15-06-2010,CRITICAL,Ord_681
59905,14-04-2012,HIGH,Ord_682
322,18-03-2012,CRITICAL,Ord_683
962,05-05-2009,LOW,Ord_684
1221,18-04-2012,"NOT SPECIFIED",Ord_685
1445,09-01-2011,MEDIUM,Ord_686
1799,06-03-2009,"NOT SPECIFIED",Ord_687
2720,07-06-2010,CRITICAL,Ord_688
3685,16-01-2012,MEDIUM,Ord_689
3687,02-02-2010,CRITICAL,Ord_690
3907,18-08-2012,MEDIUM,Ord_691
4067,06-10-2012,HIGH,Ord_692
4257,24-03-2011,MEDIUM,Ord_693
4261,02-10-2012,CRITICAL,Ord_694
4294,14-08-2012,MEDIUM,Ord_695
4642,26-02-2011,CRITICAL,Ord_696
4864,10-11-2012,LOW,Ord_697
4996,13-09-2012,MEDIUM,Ord_698
5121,10-05-2012,"NOT SPECIFIED",Ord_699
5346,25-12-2010,CRITICAL,Ord_700
5473,24-03-2012,"NOT SPECIFIED",Ord_701
5698,20-05-2009,MEDIUM,Ord_702
6144,21-06-2009,CRITICAL,Ord_703
6374,07-08-2011,CRITICAL,Ord_704
7169,26-03-2010,MEDIUM,Ord_705
7427,15-12-2012,"NOT SPECIFIED",Ord_706
8229,07-12-2009,MEDIUM,Ord_707
8290,09-12-2009,CRITICAL,Ord_708
8515,21-12-2010,CRITICAL,Ord_709
8801,10-08-2012,LOW,Ord_710
8992,12-11-2010,HIGH,Ord_711
9409,05-05-2012,CRITICAL,Ord_712
10306,21-07-2010,LOW,Ord_713
10470,04-05-2012,CRITICAL,Ord_714
10819,24-08-2010,CRITICAL,Ord_715
10916,10-03-2011,MEDIUM,Ord_716
10944,12-11-2011,HIGH,Ord_717
11301,22-03-2012,MEDIUM,Ord_718
11332,16-11-2009,LOW,Ord_719
11392,05-09-2009,LOW,Ord_720
11745,19-07-2012,HIGH,Ord_721
11875,20-08-2012,MEDIUM,Ord_722
11907,23-08-2010,LOW,Ord_723
12129,25-12-2012,MEDIUM,Ord_724
12579,16-06-2011,"NOT SPECIFIED",Ord_725
12743,23-06-2010,HIGH,Ord_726
12902,29-10-2010,"NOT SPECIFIED",Ord_727
13380,15-07-2009,CRITICAL,Ord_728
13606,26-04-2009,"NOT SPECIFIED",Ord_729
13889,04-09-2011,MEDIUM,Ord_730
13984,24-09-2012,CRITICAL,Ord_731
13986,11-10-2011,HIGH,Ord_732
14240,17-02-2012,HIGH,Ord_733
14276,18-06-2009,MEDIUM,Ord_734
14471,26-05-2011,"NOT SPECIFIED",Ord_735
14529,20-09-2010,LOW,Ord_736
14948,28-05-2011,MEDIUM,Ord_737
16161,28-07-2012,MEDIUM,Ord_738
16257,05-05-2012,"NOT SPECIFIED",Ord_739
16806,17-06-2010,HIGH,Ord_740
17344,19-07-2010,CRITICAL,Ord_741
17382,04-07-2011,"NOT SPECIFIED",Ord_742
17507,12-06-2012,MEDIUM,Ord_743
17702,13-04-2012,HIGH,Ord_744
17831,25-10-2012,CRITICAL,Ord_745
18179,01-08-2009,"NOT SPECIFIED",Ord_746
19044,11-04-2012,LOW,Ord_747
19462,20-09-2011,MEDIUM,Ord_748
19936,13-11-2012,CRITICAL,Ord_749
19972,16-06-2012,CRITICAL,Ord_750
20038,26-02-2010,LOW,Ord_751
20389,11-08-2009,HIGH,Ord_752
20676,22-11-2012,LOW,Ord_753
20807,21-07-2012,"NOT SPECIFIED",Ord_754
20838,10-04-2009,"NOT SPECIFIED",Ord_755
20960,18-11-2011,LOW,Ord_756
20961,14-01-2010,"NOT SPECIFIED",Ord_757
21350,24-02-2011,MEDIUM,Ord_758
21572,13-02-2009,CRITICAL,Ord_759
21671,15-06-2010,HIGH,Ord_760
22657,29-10-2011,HIGH,Ord_761
23207,22-10-2010,CRITICAL,Ord_762
23940,08-04-2011,MEDIUM,Ord_763
24450,09-07-2012,CRITICAL,Ord_764
24580,23-06-2012,HIGH,Ord_765
24833,16-07-2010,"NOT SPECIFIED",Ord_766
24933,26-07-2009,LOW,Ord_767
25031,23-08-2009,HIGH,Ord_768
25633,01-08-2011,LOW,Ord_769
25635,29-05-2012,CRITICAL,Ord_770
25830,06-05-2010,LOW,Ord_771
26342,18-10-2009,LOW,Ord_772
26368,15-07-2010,MEDIUM,Ord_773
26372,12-07-2009,LOW,Ord_774
26756,10-05-2012,MEDIUM,Ord_775
26851,24-07-2011,HIGH,Ord_776
26981,30-08-2012,MEDIUM,Ord_777
27298,19-11-2011,LOW,Ord_778
27330,16-09-2009,LOW,Ord_779
27781,15-09-2011,HIGH,Ord_780
28225,22-01-2009,CRITICAL,Ord_781
28389,03-11-2009,HIGH,Ord_782
28898,28-05-2011,LOW,Ord_783
28901,11-06-2012,HIGH,Ord_784
29185,20-01-2010,HIGH,Ord_785
29408,02-05-2010,"NOT SPECIFIED",Ord_786
29985,11-07-2012,CRITICAL,Ord_787
29986,03-07-2011,CRITICAL,Ord_788
30147,17-06-2012,"NOT SPECIFIED",Ord_789
30149,12-12-2010,MEDIUM,Ord_790
30310,26-04-2012,MEDIUM,Ord_791
31426,05-08-2009,LOW,Ord_792
31872,06-09-2010,LOW,Ord_793
31874,15-09-2012,HIGH,Ord_794
31938,27-07-2011,MEDIUM,Ord_795
32582,25-06-2009,"NOT SPECIFIED",Ord_796
32611,27-08-2009,MEDIUM,Ord_797
32901,10-01-2011,CRITICAL,Ord_798
33284,31-03-2012,LOW,Ord_799
33287,22-04-2011,CRITICAL,Ord_800
33732,28-08-2009,"NOT SPECIFIED",Ord_801
34435,05-08-2009,LOW,Ord_802
34852,05-09-2012,LOW,Ord_803
35649,09-10-2011,MEDIUM,Ord_804
36480,22-08-2010,MEDIUM,Ord_805
36803,04-08-2012,"NOT SPECIFIED",Ord_806
36805,14-12-2010,MEDIUM,Ord_807
36834,24-12-2009,LOW,Ord_808
37410,12-10-2010,MEDIUM,Ord_809
37729,15-01-2009,"NOT SPECIFIED",Ord_810
37988,05-04-2011,"NOT SPECIFIED",Ord_811
38690,20-01-2012,LOW,Ord_812
38758,24-09-2011,"NOT SPECIFIED",Ord_813
39332,09-10-2011,CRITICAL,Ord_814
39745,04-05-2011,"NOT SPECIFIED",Ord_815
40134,09-10-2011,LOW,Ord_816
40164,10-04-2010,"NOT SPECIFIED",Ord_817
40608,19-08-2012,"NOT SPECIFIED",Ord_818
40801,01-07-2012,"NOT SPECIFIED",Ord_819
40965,20-11-2009,MEDIUM,Ord_820
41286,16-09-2012,MEDIUM,Ord_821
41412,17-09-2009,"NOT SPECIFIED",Ord_822
41569,21-07-2010,CRITICAL,Ord_823
41633,09-11-2010,LOW,Ord_824
41895,10-01-2011,CRITICAL,Ord_825
42112,24-12-2010,"NOT SPECIFIED",Ord_826
42177,30-05-2012,"NOT SPECIFIED",Ord_827
42339,12-02-2009,CRITICAL,Ord_828
42342,04-09-2009,"NOT SPECIFIED",Ord_829
42947,26-08-2010,LOW,Ord_830
43079,21-07-2009,MEDIUM,Ord_831
43111,12-09-2011,HIGH,Ord_832
43140,18-03-2009,CRITICAL,Ord_833
44098,27-01-2010,LOW,Ord_834
44451,11-09-2011,CRITICAL,Ord_835
45059,03-02-2011,"NOT SPECIFIED",Ord_836
45155,15-02-2011,LOW,Ord_837
45317,01-03-2012,LOW,Ord_838
45731,10-08-2009,CRITICAL,Ord_839
46849,13-12-2010,"NOT SPECIFIED",Ord_840
47108,15-10-2009,"NOT SPECIFIED",Ord_841
47520,07-10-2009,"NOT SPECIFIED",Ord_842
47527,17-09-2010,MEDIUM,Ord_843
47713,03-07-2009,HIGH,Ord_844
48452,09-10-2010,HIGH,Ord_845
49088,23-09-2009,CRITICAL,Ord_846
49223,02-10-2011,MEDIUM,Ord_847
49987,19-01-2011,HIGH,Ord_848
50208,22-01-2011,MEDIUM,Ord_849
50338,23-03-2009,"NOT SPECIFIED",Ord_850
50945,07-01-2011,CRITICAL,Ord_851
51462,22-06-2011,MEDIUM,Ord_852
51494,03-08-2011,CRITICAL,Ord_853
51525,07-11-2011,CRITICAL,Ord_854
52933,26-08-2010,LOW,Ord_855
53025,17-03-2010,CRITICAL,Ord_856
53894,07-07-2009,CRITICAL,Ord_857
53953,27-03-2009,"NOT SPECIFIED",Ord_858
54304,17-02-2010,HIGH,Ord_859
55075,01-02-2011,CRITICAL,Ord_860
55268,17-03-2012,HIGH,Ord_861
55367,10-01-2009,CRITICAL,Ord_862
56321,16-04-2010,CRITICAL,Ord_863
56610,07-03-2010,MEDIUM,Ord_864
56740,16-10-2012,CRITICAL,Ord_865
56901,11-09-2009,CRITICAL,Ord_866
57314,12-10-2010,LOW,Ord_867
57376,19-06-2011,CRITICAL,Ord_868
57671,07-11-2012,"NOT SPECIFIED",Ord_869
57700,12-11-2011,MEDIUM,Ord_870
58407,06-05-2011,HIGH,Ord_871
58593,08-09-2011,CRITICAL,Ord_872
58884,21-03-2011,LOW,Ord_873
58913,11-05-2010,MEDIUM,Ord_874
58978,06-02-2012,LOW,Ord_875
229,28-12-2010,CRITICAL,Ord_876
706,08-09-2011,CRITICAL,Ord_877
1285,31-05-2012,CRITICAL,Ord_878
1313,12-09-2009,CRITICAL,Ord_879
1346,17-06-2012,HIGH,Ord_880
1699,29-12-2010,CRITICAL,Ord_881
2208,30-04-2011,"NOT SPECIFIED",Ord_882
2656,03-05-2010,CRITICAL,Ord_883
3361,22-08-2012,"NOT SPECIFIED",Ord_884
3393,03-07-2011,HIGH,Ord_885
4487,22-02-2010,MEDIUM,Ord_886
4579,30-11-2011,HIGH,Ord_887
5061,13-08-2010,CRITICAL,Ord_888
5092,29-10-2011,LOW,Ord_889
5511,28-11-2009,CRITICAL,Ord_890
5799,02-08-2011,CRITICAL,Ord_891
5890,03-11-2012,HIGH,Ord_892
6596,21-07-2011,LOW,Ord_893
7015,12-10-2010,"NOT SPECIFIED",Ord_894
7106,10-05-2012,LOW,Ord_895
8007,11-02-2012,LOW,Ord_896
8257,22-03-2009,LOW,Ord_897
8773,22-10-2011,CRITICAL,Ord_898
9057,04-11-2009,CRITICAL,Ord_899
9285,02-01-2009,CRITICAL,Ord_900
9861,28-10-2012,LOW,Ord_901
9922,03-04-2011,"NOT SPECIFIED",Ord_902
9923,05-10-2009,HIGH,Ord_903
9925,30-01-2012,CRITICAL,Ord_904
10593,12-02-2012,HIGH,Ord_905
11969,19-01-2012,"NOT SPECIFIED",Ord_906
12228,25-06-2009,"NOT SPECIFIED",Ord_907
12355,28-05-2011,"NOT SPECIFIED",Ord_908
12389,04-08-2009,MEDIUM,Ord_909
12710,17-08-2010,CRITICAL,Ord_910
13636,22-01-2009,LOW,Ord_911
14021,07-03-2011,HIGH,Ord_912
14338,31-01-2010,LOW,Ord_913
14406,08-03-2010,MEDIUM,Ord_914
15878,04-11-2010,HIGH,Ord_915
16133,25-09-2009,CRITICAL,Ord_916
16612,13-02-2009,HIGH,Ord_917
16967,19-08-2011,LOW,Ord_918
18432,12-03-2011,HIGH,Ord_919
18464,28-03-2012,HIGH,Ord_920
18754,25-09-2009,"NOT SPECIFIED",Ord_921
19905,12-08-2012,CRITICAL,Ord_922
20256,31-01-2012,LOW,Ord_923
20386,27-02-2010,CRITICAL,Ord_924
20455,28-06-2010,CRITICAL,Ord_925
20642,19-05-2012,HIGH,Ord_926
21379,14-01-2011,HIGH,Ord_927
21766,01-06-2009,HIGH,Ord_928
22053,21-08-2010,CRITICAL,Ord_929
22368,19-02-2010,MEDIUM,Ord_930
22885,23-11-2009,MEDIUM,Ord_931
22947,18-12-2009,LOW,Ord_932
23844,06-07-2009,"NOT SPECIFIED",Ord_933
24039,17-07-2012,"NOT SPECIFIED",Ord_934
25347,12-06-2009,LOW,Ord_935
25825,19-07-2012,"NOT SPECIFIED",Ord_936
26304,19-03-2011,MEDIUM,Ord_937
26726,27-12-2012,HIGH,Ord_938
27266,08-09-2011,CRITICAL,Ord_939
27396,08-12-2010,CRITICAL,Ord_940
28480,15-03-2009,MEDIUM,Ord_941
29158,20-10-2011,HIGH,Ord_942
29409,13-01-2011,HIGH,Ord_943
29956,14-08-2009,CRITICAL,Ord_944
30341,31-01-2009,LOW,Ord_945
30467,15-08-2009,CRITICAL,Ord_946
30785,03-07-2009,HIGH,Ord_947
31171,08-04-2009,"NOT SPECIFIED",Ord_948
31297,18-08-2012,LOW,Ord_949
31553,10-01-2009,CRITICAL,Ord_950
32706,04-07-2009,CRITICAL,Ord_951
33122,19-06-2010,LOW,Ord_952
33570,16-12-2012,"NOT SPECIFIED",Ord_953
33893,20-09-2012,"NOT SPECIFIED",Ord_954
34599,03-03-2010,LOW,Ord_955
34721,01-11-2010,"NOT SPECIFIED",Ord_956
34787,28-02-2010,LOW,Ord_957
34791,07-05-2011,MEDIUM,Ord_958
34822,10-07-2012,"NOT SPECIFIED",Ord_959
34853,29-09-2011,CRITICAL,Ord_960
35522,25-10-2010,LOW,Ord_961
36099,17-09-2010,LOW,Ord_962
36359,23-11-2011,HIGH,Ord_963
36901,13-09-2012,CRITICAL,Ord_964
37412,03-08-2012,HIGH,Ord_965
38625,17-11-2010,"NOT SPECIFIED",Ord_966
38656,10-08-2012,LOW,Ord_967
38784,03-02-2011,MEDIUM,Ord_968
38882,14-12-2009,CRITICAL,Ord_969
39527,17-04-2011,LOW,Ord_970
39845,06-09-2009,CRITICAL,Ord_971
39877,16-08-2012,CRITICAL,Ord_972
40259,12-10-2010,MEDIUM,Ord_973
41217,13-07-2011,HIGH,Ord_974
41671,03-12-2012,CRITICAL,Ord_975
41927,13-07-2012,"NOT SPECIFIED",Ord_976
41988,04-02-2009,LOW,Ord_977
42692,20-12-2011,MEDIUM,Ord_978
44007,30-05-2011,MEDIUM,Ord_979
44450,09-10-2010,CRITICAL,Ord_980
44610,10-03-2011,HIGH,Ord_981
44999,22-01-2010,MEDIUM,Ord_982
45025,11-04-2011,HIGH,Ord_983
45248,16-04-2011,MEDIUM,Ord_984
45249,27-11-2010,LOW,Ord_985
45570,09-08-2010,CRITICAL,Ord_986
46375,26-08-2010,MEDIUM,Ord_987
46885,07-06-2011,LOW,Ord_988
46948,20-05-2010,LOW,Ord_989
47267,29-12-2010,MEDIUM,Ord_990
47333,07-09-2011,CRITICAL,Ord_991
48167,06-09-2009,CRITICAL,Ord_992
48230,25-02-2009,"NOT SPECIFIED",Ord_993
48480,02-01-2010,CRITICAL,Ord_994
48614,31-05-2012,CRITICAL,Ord_995
48772,12-05-2009,MEDIUM,Ord_996
48800,22-10-2010,"NOT SPECIFIED",Ord_997
48931,17-06-2009,LOW,Ord_998
49126,10-07-2011,LOW,Ord_999
49283,11-12-2009,HIGH,Ord_1000
